transaction #,day week,vegetables,baby,fruit,milk,dvds,meat,oil,bread,apple,egg
1,5,1,0,0,1,0,1,0,1,1,0
2,4,1,1,1,1,0,0,1,1,0,1
3,5,1,0,0,0,0,0,0,1,0,0
4,5,1,0,1,0,0,0,0,0,1,0
5,7,1,1,0,1,0,1,0,1,0,0
6,2,1,0,1,0,0,1,0,1,1,1
7,3,0,0,0,1,1,0,1,0,1,1
8,3,1,0,0,1,0,1,1,0,0,1
9,6,1,0,1,0,0,0,1,1,0,0
10,6,1,0,0,0,0,0,0,1,1,1
11,1,1,0,0,0,0,0,0,0,0,1
12,4,0,0,0,0,1,0,1,1,1,0
13,1,1,0,0,0,0,0,1,1,1,1
14,7,0,0,0,0,0,0,1,0,1,1
15,7,0,0,0,1,0,0,0,1,0,1
16,6,0,0,0,0,1,0,0,0,1,0
17,5,1,1,0,0,1,1,1,0,0,1
18,3,1,0,0,1,0,1,0,1,0,0
19,3,0,0,1,0,0,0,0,1,0,1
20,3,1,0,1,0,0,0,1,0,0,0
21,1,1,1,0,1,0,0,0,1,1,0
22,1,0,0,1,0,1,0,1,0,1,0
23,3,0,0,0,1,0,1,1,1,1,0
24,7,1,0,0,0,0,1,1,0,1,1
25,6,1,0,1,1,0,0,1,0,0,1
26,4,1,0,1,0,0,0,1,0,1,1
27,5,0,0,1,0,0,1,0,0,1,0
28,1,1,0,0,0,0,0,1,0,1,1
29,2,0,0,1,0,0,0,1,0,1,1
30,1,1,0,0,0,1,0,1,1,1,1
31,6,0,0,1,0,0,0,1,1,1,1
32,3,1,1,1,1,0,1,1,1,1,1
33,3,1,0,0,0,0,0,1,1,0,0
34,3,1,0,1,0,0,0,1,0,0,0
35,6,1,0,0,0,0,0,0,0,0,1
36,7,1,0,0,0,0,1,0,1,0,1
37,5,1,0,0,1,0,0,0,1,1,1
38,2,1,1,1,0,1,0,1,0,1,1
39,5,1,0,1,1,0,0,1,1,1,0
40,5,1,1,0,0,0,0,0,1,1,0
41,7,0,0,1,0,0,0,0,0,0,1
42,7,0,1,1,0,0,1,0,0,0,1
43,4,1,0,1,0,0,0,0,1,0,0
44,5,0,1,0,1,0,0,1,1,0,0
45,7,1,0,0,0,0,0,1,0,0,1
46,5,0,1,0,1,0,1,0,1,1,1
47,6,1,1,0,1,0,1,1,0,1,0
48,6,1,0,0,1,0,0,1,0,1,0
49,7,1,0,0,1,1,0,0,1,1,1
50,6,1,1,1,0,1,0,1,1,0,0
51,3,1,0,0,1,0,0,1,1,0,1
52,7,0,0,1,1,0,0,0,1,0,1
53,4,1,1,0,0,1,0,0,1,1,1
54,3,0,0,0,0,0,1,1,1,1,1
55,5,1,0,0,0,0,0,0,0,1,0
56,4,1,1,0,0,1,0,0,1,1,1
57,4,0,0,0,0,0,0,1,0,0,1
58,5,1,0,1,1,0,0,0,1,1,0
59,7,0,0,0,0,0,0,0,1,1,0
60,7,0,1,0,0,0,0,0,0,0,0
61,3,0,1,1,0,0,0,1,1,1,1
62,1,1,1,0,1,1,0,0,1,1,0
63,6,0,0,0,1,0,0,1,1,1,1
64,5,1,0,0,1,0,0,1,0,1,1
65,5,0,0,1,1,0,0,0,1,0,0
66,3,1,0,0,0,0,0,0,1,1,0
67,4,0,1,0,0,1,0,1,1,0,1
68,2,1,0,0,0,0,1,0,0,1,0
69,1,0,1,0,1,0,0,0,0,1,1
70,7,1,0,1,0,0,0,0,0,0,0
71,3,0,0,0,0,1,0,0,1,0,0
72,3,1,1,0,1,0,0,1,0,0,0
73,1,1,1,0,0,1,1,1,1,1,0
74,7,1,0,0,0,0,0,0,1,0,0
75,6,1,1,0,1,1,0,0,0,0,1
76,3,1,0,0,1,0,0,1,0,1,0
77,2,0,0,1,0,0,0,1,1,1,0
78,6,0,1,1,0,0,1,1,1,1,0
79,3,1,0,1,0,0,0,1,0,0,1
80,5,1,0,0,0,0,0,0,0,0,0
81,5,1,0,1,0,0,0,0,0,0,1
82,6,1,0,0,1,0,0,1,0,0,1
83,5,0,0,1,0,0,1,0,1,1,0
84,5,1,0,1,0,0,1,1,1,1,0
85,6,1,0,0,1,0,0,1,0,0,0
86,7,1,0,0,0,0,0,0,0,0,1
87,2,1,0,1,1,1,0,0,1,1,1
88,5,0,0,0,1,0,0,0,1,1,0
89,6,0,0,0,1,0,0,0,0,0,1
90,4,1,1,0,0,0,0,1,0,0,1
91,2,0,0,0,0,0,0,0,1,1,1
92,5,1,1,0,0,0,0,1,0,1,0
93,1,0,0,0,1,0,0,1,1,0,0
94,3,0,0,1,0,0,0,1,1,1,0
95,2,0,1,0,1,0,1,0,0,0,0
96,7,1,0,0,0,0,1,1,0,1,1
97,6,1,0,0,0,0,0,0,1,0,0
98,1,0,0,1,0,0,0,0,0,1,0
99,7,0,1,1,0,0,0,0,0,1,1
100,4,1,1,1,0,1,0,1,0,1,1
101,6,1,0,0,1,0,0,0,1,1,1
102,7,1,1,0,0,0,1,1,0,0,1
103,1,1,0,1,1,0,1,0,0,0,0
104,7,0,0,1,0,0,0,0,1,1,0
105,7,1,0,0,0,1,0,0,0,1,0
106,4,1,1,0,0,1,0,0,1,1,1
107,5,1,0,1,1,0,0,1,0,1,1
108,3,1,1,0,1,0,0,0,1,1,0
109,1,0,0,0,1,0,0,0,0,0,0
110,1,0,1,0,0,0,0,1,0,1,1
111,2,0,0,0,0,0,0,1,1,0,0
112,2,1,0,1,0,0,0,0,1,0,0
113,5,0,1,1,0,0,0,0,0,0,1
114,5,1,0,0,0,0,1,1,0,1,0
115,5,1,0,0,0,0,1,1,1,0,0
116,3,1,0,1,0,0,0,1,0,0,0
117,2,1,0,0,0,1,0,1,1,0,1
118,7,0,0,1,0,0,0,0,0,0,1
119,6,1,1,1,0,0,0,0,1,0,1
120,5,1,1,0,0,0,0,0,1,1,0
121,6,1,0,1,0,0,0,0,0,1,0
122,1,0,0,0,0,0,0,0,0,1,1
123,6,0,0,0,0,0,1,1,1,0,0
124,6,1,0,0,0,0,0,0,1,1,1
125,2,0,0,0,0,0,1,0,0,0,0
126,7,0,0,1,0,0,0,0,0,1,1
127,3,1,0,1,0,0,0,0,1,0,0
128,6,1,0,0,0,1,0,1,1,1,0
129,7,1,0,0,0,0,0,0,0,0,0
130,7,0,1,1,0,0,0,0,0,0,1
131,4,1,0,1,0,0,0,1,0,1,0
132,1,1,0,0,1,0,0,0,1,0,1
133,7,0,1,1,1,1,0,0,1,1,1
134,1,1,1,0,1,0,0,0,1,1,0
135,1,0,1,0,1,0,0,0,1,0,0
136,3,1,0,0,0,0,0,1,1,1,0
137,4,1,0,0,1,0,0,0,1,1,0
138,3,0,0,0,1,0,0,0,1,1,0
139,6,1,0,0,1,0,1,0,1,0,0
140,2,1,0,0,1,1,0,1,1,0,1
141,1,1,0,0,0,1,0,0,1,0,1
142,7,1,1,1,0,1,0,0,1,1,1
143,4,0,1,1,1,1,0,1,1,1,0
144,7,0,1,0,0,0,1,1,0,0,1
145,1,1,1,1,0,0,0,1,1,0,0
146,3,1,0,0,0,0,1,1,1,1,0
147,7,0,0,0,1,0,0,1,1,0,1
148,3,0,0,1,0,0,0,1,0,1,1
149,7,1,0,0,1,0,0,1,0,0,1
150,3,1,1,0,0,0,0,0,0,1,1
151,6,1,0,0,0,0,1,1,1,0,0
152,4,0,0,1,1,0,0,1,0,1,1
153,6,1,0,0,1,0,0,1,0,1,1
154,3,0,0,1,0,0,0,1,1,1,1
155,3,0,0,0,0,0,0,0,1,1,1
156,2,1,0,1,0,0,0,1,1,1,1
157,4,0,0,0,0,0,0,1,1,1,1
158,2,1,0,0,0,0,1,0,0,1,1
159,1,1,0,0,0,0,0,1,1,0,1
160,5,0,0,0,0,0,0,1,0,0,0
161,1,0,0,0,1,1,0,0,1,1,0
162,1,1,0,0,0,0,0,0,0,0,0
163,4,1,0,0,0,0,0,0,1,1,0
164,3,1,1,1,1,0,1,0,1,0,1
165,6,0,0,0,0,0,0,1,0,0,1
166,4,1,0,0,0,1,0,0,1,1,0
167,6,0,0,1,1,0,1,1,1,1,1
168,1,1,0,0,0,0,0,0,1,0,1
169,7,0,0,0,1,1,1,0,0,0,1
170,1,1,0,1,0,1,0,0,0,0,0
171,6,0,1,0,0,1,0,0,0,1,0
172,6,1,1,1,0,0,0,1,1,1,0
173,5,1,0,0,1,0,1,1,1,0,1
174,2,1,0,0,0,0,1,0,1,1,1
175,4,1,1,1,1,1,1,0,1,0,1
176,2,1,0,0,0,0,0,1,1,0,1
177,5,0,1,0,0,0,0,1,0,0,0
178,2,1,0,0,1,1,0,0,0,1,1
179,2,0,0,1,0,0,0,0,1,0,1
180,4,1,0,0,0,1,0,0,0,0,1
181,4,0,1,0,1,1,0,1,0,0,1
182,7,1,0,1,1,0,0,1,0,1,1
183,5,0,0,0,0,0,0,0,0,1,0
184,5,1,0,1,0,0,0,1,1,0,1
185,3,1,1,1,0,0,1,0,0,1,0
186,1,1,0,0,0,0,0,0,1,1,0
187,3,1,0,0,0,0,0,0,0,1,0
188,1,0,0,0,0,0,0,1,1,0,1
189,6,1,0,1,1,0,0,1,1,0,1
190,6,0,1,1,0,0,0,0,0,1,0
191,7,1,0,0,1,0,0,1,1,1,0
192,2,0,1,0,0,0,0,0,1,1,0
193,3,1,0,0,1,0,0,0,0,1,1
194,6,0,0,0,1,1,1,1,1,0,1
195,3,1,0,0,0,0,1,0,0,0,1
196,5,1,0,0,0,0,0,0,1,0,1
197,2,0,1,1,0,0,1,0,0,1,1
198,4,0,1,0,1,0,1,0,0,1,0
199,6,0,0,0,0,1,0,0,1,1,0
200,5,0,0,0,0,0,0,0,1,1,0
201,6,1,0,0,1,0,0,0,0,1,0
202,5,0,0,1,0,0,1,0,1,0,0
203,1,0,0,1,0,0,0,1,0,0,1
204,7,1,0,1,0,0,0,0,0,0,0
205,7,1,0,0,0,0,0,1,0,0,1
206,1,1,1,0,0,0,0,0,1,1,1
207,6,1,0,0,0,0,0,0,0,0,1
208,7,0,0,0,0,0,0,0,1,1,1
209,1,0,0,0,0,1,1,0,0,1,1
210,3,1,0,0,0,0,1,1,0,0,0
211,4,1,0,0,0,1,0,0,1,1,1
212,2,0,1,0,0,0,0,1,1,1,1
213,2,1,0,0,0,0,0,1,1,1,0
214,2,0,0,0,0,0,0,0,0,1,0
215,4,1,0,0,0,0,1,0,0,0,1
216,4,0,0,0,0,0,0,0,0,0,1
217,6,0,0,0,0,1,1,0,0,0,0
218,7,0,1,0,1,0,0,1,0,0,0
219,5,0,1,1,0,0,1,1,0,0,0
220,2,0,1,1,0,0,0,1,0,0,1
221,7,0,0,0,1,1,0,0,0,1,0
222,6,1,0,0,0,1,0,0,0,0,1
223,4,0,1,1,1,1,1,0,1,0,1
224,6,0,0,0,1,0,1,0,1,0,0
225,1,1,0,0,0,1,0,1,0,1,0
226,4,1,1,0,0,0,0,0,0,0,1
227,3,1,0,0,0,0,0,0,0,0,1
228,7,0,0,0,1,0,0,0,0,0,1
229,1,1,1,1,0,0,0,1,1,1,1
230,2,0,1,0,1,0,1,0,1,0,0
231,1,0,0,0,0,0,0,1,0,1,0
232,6,0,0,0,1,0,0,0,0,1,0
233,2,1,0,1,0,0,0,0,1,1,0
234,2,1,0,0,1,0,0,1,0,0,1
235,4,1,1,0,1,1,0,0,1,1,0
236,5,0,0,0,0,0,1,0,0,0,1
237,7,1,0,1,0,0,0,0,1,1,1
238,3,1,0,0,1,0,0,0,0,0,1
239,1,1,0,0,1,0,1,0,1,0,0
240,6,1,0,0,0,0,1,0,0,0,1
241,5,1,0,1,1,0,0,1,1,1,0
242,1,1,0,0,1,0,0,0,1,1,1
243,1,1,0,0,0,0,0,1,1,0,0
244,6,1,0,0,0,0,0,0,0,0,0
245,2,1,1,0,0,0,0,1,0,1,0
246,1,1,0,1,1,1,0,0,1,0,1
247,4,1,0,1,0,0,0,1,0,0,0
248,2,1,0,1,0,0,1,1,1,0,1
249,6,0,0,0,0,0,0,0,1,1,1
250,7,0,0,1,0,0,0,1,0,0,0
251,7,1,0,0,0,0,0,1,0,1,0
252,7,1,1,0,0,0,0,0,0,0,0
253,1,1,0,1,0,0,0,0,1,1,0
254,5,1,0,0,0,0,0,0,0,1,1
255,5,1,0,0,0,0,0,0,0,0,0
256,7,0,0,1,1,0,1,0,1,1,1
257,1,1,0,0,0,0,0,1,0,1,0
258,2,0,0,0,0,0,1,1,0,1,1
259,7,1,0,1,0,0,1,0,0,0,1
260,5,0,1,0,0,0,0,0,0,0,0
261,2,0,0,1,0,0,0,1,1,0,0
262,7,0,0,0,0,0,0,1,0,0,1
263,7,1,0,1,1,0,0,1,1,0,0
264,7,0,0,0,0,0,0,0,1,0,1
265,2,0,1,1,1,0,0,1,1,1,0
266,5,1,0,1,1,0,0,1,1,1,1
267,3,0,0,1,0,0,1,1,0,0,1
268,2,0,1,1,1,0,0,1,0,0,1
269,4,0,0,1,1,1,0,0,0,1,1
270,6,1,0,0,0,0,0,1,0,0,0
271,2,0,0,1,1,0,0,1,1,1,0
272,2,0,0,0,0,0,1,0,0,1,0
273,3,1,0,0,0,1,0,1,1,0,0
274,5,1,1,0,1,0,0,0,1,1,0
275,7,1,1,1,0,0,0,1,0,0,1
276,4,1,1,1,0,1,0,1,0,1,0
277,6,1,1,0,0,1,0,0,1,0,0
278,3,0,0,1,0,0,0,1,1,1,0
279,4,0,1,0,1,0,0,0,0,0,1
280,6,1,0,0,0,0,0,0,0,1,0
281,1,0,1,1,0,0,1,1,0,1,0
282,2,1,0,0,1,0,0,0,0,1,1
283,5,0,0,0,1,0,0,1,0,1,0
284,7,1,1,0,1,0,0,0,0,1,0
285,7,1,0,0,1,0,0,0,1,1,1
286,4,0,1,1,0,0,0,1,1,1,1
287,7,1,1,0,0,0,1,1,0,0,1
288,3,1,0,1,1,0,0,1,0,0,1
289,4,1,1,1,1,1,0,0,1,0,0
290,4,0,1,1,0,1,0,1,1,0,1
291,7,1,0,1,0,0,0,1,0,1,0
292,4,1,1,1,1,1,0,1,0,0,1
293,4,1,1,0,0,1,1,0,1,1,1
294,1,0,0,0,0,0,0,0,0,1,0
295,3,1,0,0,1,0,1,1,0,0,0
296,2,0,0,0,0,0,0,0,1,0,0
297,3,1,0,0,1,0,1,1,0,0,1
298,1,0,0,0,0,1,0,0,1,0,0
299,1,1,0,1,0,0,0,1,1,0,1
300,5,1,0,0,0,0,0,1,0,0,0
301,5,0,0,0,0,1,0,0,0,1,0
302,5,1,0,1,0,0,0,1,1,0,0
303,1,1,0,0,0,0,0,1,1,1,0
304,2,0,1,1,0,0,0,1,1,1,1
305,7,1,0,1,0,0,0,0,0,0,0
306,3,1,1,0,0,0,0,0,1,0,0
307,5,1,0,0,0,0,0,1,1,0,0
308,5,0,0,0,0,0,1,0,0,0,0
309,5,1,0,1,1,0,0,0,0,0,0
310,7,1,0,0,1,0,0,1,0,1,0
311,7,1,1,0,1,0,1,1,0,0,0
312,7,0,0,1,0,0,0,0,1,0,1
313,4,1,1,0,0,1,0,0,1,0,0
314,1,0,0,0,0,0,0,1,1,1,0
315,4,1,1,0,0,1,0,0,0,1,0
316,7,1,0,0,1,0,0,0,1,0,1
317,5,1,0,1,1,0,0,1,1,1,1
318,1,1,1,0,0,0,0,1,0,1,1
319,3,0,0,0,1,0,1,1,0,1,0
320,2,1,0,0,0,1,1,0,0,0,1
321,4,1,1,1,0,1,0,1,0,1,0
322,6,1,1,1,1,0,0,0,1,1,0
323,4,1,1,1,0,0,0,1,1,0,0
324,5,1,0,0,0,0,0,1,1,1,0
325,4,1,1,1,0,1,0,0,0,0,0
326,4,1,1,0,0,1,0,0,0,1,1
327,5,0,0,0,1,0,1,1,0,0,1
328,5,0,0,1,0,0,0,0,0,0,0
329,4,1,0,1,0,0,0,0,0,1,1
330,4,0,1,0,0,1,0,1,0,1,0
331,1,1,1,0,1,0,0,1,0,1,0
332,3,1,0,1,0,0,1,1,1,1,1
333,5,1,0,0,1,0,0,1,0,0,1
334,5,0,0,0,0,1,1,1,1,1,1
335,4,1,1,0,0,1,1,0,0,1,0
336,5,0,0,0,0,0,0,1,0,1,0
337,6,0,0,1,0,0,1,1,0,1,1
338,2,1,0,1,0,1,0,0,0,0,0
339,4,1,1,0,0,0,1,1,0,1,0
340,3,1,0,1,1,0,0,0,0,1,0
341,6,0,0,0,0,0,0,0,0,1,0
342,5,1,1,1,0,0,0,0,0,1,1
343,2,1,0,1,0,0,0,0,1,1,1
344,1,1,0,1,0,0,0,1,1,1,0
345,7,1,0,0,0,0,0,1,0,0,1
346,2,0,0,0,0,0,0,0,1,0,0
347,2,1,0,0,0,0,0,1,0,1,0
348,5,1,0,1,0,0,1,0,1,1,1
349,5,0,1,1,0,0,0,0,0,1,0
350,1,1,0,0,1,0,0,0,1,0,0
351,7,1,0,0,0,1,0,0,1,0,0
352,6,1,0,1,1,0,1,0,1,0,0
353,3,0,0,0,0,0,0,0,1,1,1
354,7,0,0,0,0,0,0,0,1,0,1
355,3,1,1,0,1,0,0,0,0,0,0
356,6,0,0,1,1,1,1,0,1,0,1
357,2,1,0,1,0,0,0,0,0,1,0
358,6,1,0,0,1,0,0,1,0,0,0
359,4,1,0,1,0,0,1,1,1,0,1
360,4,0,1,0,0,0,0,1,1,1,0
361,7,0,1,0,0,1,0,0,1,1,0
362,6,1,0,0,0,0,0,0,0,1,0
363,3,0,0,0,0,0,1,0,0,1,0
364,2,1,0,0,0,0,1,1,0,0,1
365,4,1,0,1,0,0,0,0,0,1,1
366,4,1,1,0,0,1,0,0,0,1,0
367,3,1,1,0,0,0,0,1,0,1,1
368,1,1,0,1,0,0,0,0,1,0,0
369,1,0,0,0,0,0,0,1,0,1,1
370,7,1,0,0,0,0,0,1,0,0,0
371,3,1,0,0,1,0,0,0,0,0,1
372,3,1,0,0,0,0,0,1,0,0,1
373,4,0,1,0,0,0,0,1,1,1,0
374,3,0,0,0,1,0,0,1,0,1,1
375,6,1,0,1,0,0,1,0,0,1,0
376,5,1,0,0,1,0,0,0,1,1,0
377,5,0,1,0,0,0,0,1,0,1,0
378,6,0,1,0,0,0,1,1,1,0,1
379,4,0,1,1,0,1,0,0,0,1,1
380,7,1,0,0,0,0,0,1,0,1,0
381,6,0,1,0,0,0,1,0,0,0,1
382,7,0,0,0,0,0,1,0,0,1,0
383,5,0,0,1,0,0,0,0,1,0,1
384,2,0,0,0,0,0,0,0,0,1,0
385,4,1,0,1,0,0,0,0,0,1,0
386,3,0,0,1,0,0,0,0,0,0,1
387,4,1,1,0,0,1,0,0,1,1,1
388,6,1,0,0,1,0,0,0,0,0,1
389,1,1,0,1,1,0,0,0,1,0,1
390,3,1,0,0,0,0,1,0,1,1,1
391,7,0,0,0,1,0,0,1,0,0,0
392,2,0,1,1,0,1,1,1,1,0,1
393,6,0,0,0,0,0,1,0,0,0,1
394,4,0,0,0,0,1,0,1,0,0,0
395,7,0,0,0,0,0,0,1,0,1,1
396,3,1,0,0,1,0,1,0,0,0,1
397,6,1,0,0,0,0,0,0,0,1,1
398,4,1,0,1,0,0,0,1,1,0,0
399,4,1,1,0,0,0,1,1,1,0,0
400,4,0,1,0,0,1,1,0,0,1,0
401,3,0,0,0,1,0,0,0,0,0,1
402,2,1,0,0,0,0,1,0,1,1,1
403,5,0,0,1,0,0,1,1,1,0,1
404,3,1,0,0,0,0,1,1,0,0,0
405,2,0,0,0,0,1,0,1,1,0,1
406,7,0,0,0,1,0,0,0,0,1,1
407,1,0,0,0,1,0,0,1,1,1,1
408,1,1,0,0,0,0,0,0,0,0,0
409,4,1,1,0,1,0,0,0,0,1,1
410,2,0,0,0,1,0,0,0,1,0,0
411,3,1,0,0,1,0,0,1,1,0,1
412,6,0,0,0,0,0,1,1,1,0,1
413,4,0,1,0,1,1,1,1,1,0,0
414,4,0,0,1,1,0,0,1,0,1,0
415,1,0,1,1,1,0,0,0,0,0,1
416,6,1,0,0,0,0,0,1,0,1,0
417,7,0,0,1,0,0,0,1,0,0,0
418,5,1,0,0,0,1,1,1,0,0,1
419,2,1,0,0,1,0,1,1,0,1,1
420,6,1,0,0,0,0,1,1,0,1,0
421,1,0,0,0,1,1,0,1,0,1,0
422,6,0,1,0,0,0,1,1,0,1,0
423,4,1,1,1,1,1,0,1,0,1,0
424,1,1,1,0,0,0,0,0,0,0,1
425,3,1,0,1,0,0,0,1,1,1,0
426,6,1,0,0,1,1,0,1,0,0,0
427,3,0,1,1,0,0,0,0,0,1,0
428,1,0,0,0,0,1,1,0,1,0,1
429,7,0,0,0,0,1,0,0,0,0,1
430,4,1,0,0,0,1,0,0,0,0,1
431,7,1,0,0,0,0,0,1,0,1,0
432,6,0,0,1,0,0,1,0,1,0,0
433,5,1,0,0,0,0,1,1,1,1,1
434,7,0,0,0,1,0,1,0,1,0,1
435,2,1,0,0,0,0,1,0,1,0,1
436,2,0,1,0,0,0,1,0,1,0,1
437,1,1,0,0,0,0,0,1,1,1,1
438,4,1,0,1,1,1,0,1,0,1,1
439,2,1,0,0,0,0,0,0,0,0,1
440,5,1,1,1,0,1,0,0,1,0,0
441,2,1,0,0,1,0,1,0,0,0,1
442,4,0,1,0,0,0,0,1,1,0,1
443,7,1,0,1,1,0,0,1,1,0,0
444,3,0,0,0,0,0,0,1,0,1,1
445,5,0,1,0,1,0,0,0,1,1,0
446,3,0,0,0,1,0,0,0,0,0,1
447,7,1,0,0,1,0,1,0,1,1,0
448,3,1,0,0,0,0,0,0,1,1,1
449,7,1,0,0,0,0,0,1,1,0,1
450,3,1,0,0,0,0,1,0,1,0,0
451,6,0,0,0,0,0,0,0,0,0,0
452,5,0,1,0,0,0,1,1,1,0,1
453,4,1,1,0,1,0,1,1,1,0,0
454,6,0,0,0,0,0,0,1,1,1,1
455,2,1,0,0,1,0,0,0,1,1,0
456,2,0,0,1,0,0,0,1,1,0,1
457,6,0,0,0,0,0,0,0,0,0,1
458,6,0,0,0,1,0,0,0,0,0,0
459,6,1,0,1,0,0,0,0,0,0,0
460,3,1,0,0,0,0,1,1,0,0,0
461,3,0,0,0,0,0,1,1,1,1,0
462,5,1,0,0,0,0,0,0,1,1,1
463,2,0,0,0,1,0,1,0,1,1,0
464,4,1,1,0,1,1,0,0,0,0,1
465,4,1,0,1,1,0,1,0,0,1,1
466,7,0,0,0,1,1,0,1,0,1,0
467,5,1,0,1,0,0,1,1,0,0,1
468,4,0,1,0,0,0,1,0,0,1,0
469,7,1,0,1,0,0,1,1,0,1,0
470,4,1,1,1,0,0,0,0,1,0,0
471,4,1,1,1,0,0,0,1,1,0,1
472,1,1,0,1,1,1,0,0,1,0,0
473,6,1,0,0,0,0,0,1,1,1,1
474,1,0,0,1,1,0,0,0,1,0,0
475,7,0,1,0,1,0,1,1,1,1,0
476,2,1,0,0,0,0,1,0,1,1,0
477,5,1,0,1,0,0,0,0,1,1,0
478,4,1,0,1,1,0,0,1,0,1,1
479,2,1,0,0,0,1,0,0,0,0,1
480,3,0,0,0,1,0,0,0,0,0,0
481,5,0,0,0,0,0,1,0,0,1,0
482,7,0,1,1,0,1,0,1,0,0,0
483,5,0,0,0,0,0,1,0,1,1,0
484,6,1,0,1,0,1,0,1,0,1,1
485,1,1,0,0,0,0,0,0,1,1,1
486,5,1,1,1,0,0,0,0,1,0,0
487,6,1,0,0,1,0,0,0,1,1,0
488,4,1,1,0,0,1,0,1,1,1,0
489,3,1,1,0,0,0,1,0,1,1,1
490,5,1,0,1,1,0,0,0,1,1,1
491,5,1,0,0,0,0,0,1,0,0,0
492,6,1,0,0,0,0,0,0,1,0,1
493,7,0,0,1,0,0,1,1,1,0,1
494,7,0,0,0,1,0,0,1,0,1,1
495,3,0,0,0,0,0,0,0,1,1,0
496,1,0,0,0,1,1,1,1,1,0,1
497,7,1,0,1,0,1,0,0,0,1,0
498,4,0,1,0,0,1,0,0,0,1,1
499,3,1,0,0,1,0,1,1,0,0,1
500,7,1,0,0,0,0,1,0,1,1,1
501,6,0,0,0,0,0,0,0,1,1,0
502,7,0,0,0,0,1,0,1,1,1,0
503,1,1,0,0,1,0,0,0,1,0,0
504,3,1,0,1,0,0,0,0,0,0,1
505,1,1,0,1,0,1,0,1,0,1,0
506,6,1,0,0,1,1,0,1,1,0,0
507,4,0,1,1,0,1,0,1,1,0,1
508,5,0,1,0,0,1,0,1,1,0,1
509,1,1,0,0,0,1,1,0,0,1,0
510,3,0,0,0,0,0,0,0,1,1,1
511,7,1,0,0,0,0,1,0,1,1,0
512,3,1,0,0,0,0,0,0,1,0,1
513,1,1,0,0,0,0,1,0,1,1,0
514,2,1,0,1,0,0,0,1,1,0,0
515,1,1,0,0,0,0,1,1,1,0,0
516,4,1,0,0,1,0,0,1,1,0,0
517,1,1,0,0,1,0,1,0,0,0,1
518,4,0,1,0,1,0,0,1,1,0,0
519,2,0,1,0,0,0,0,0,0,0,0
520,6,0,0,0,1,0,0,0,1,0,1
521,4,1,1,0,0,0,1,0,0,1,1
522,3,1,0,0,1,0,1,1,0,0,0
523,4,1,0,0,0,1,0,0,1,1,0
524,4,0,1,1,0,1,0,0,0,1,0
525,1,1,1,0,0,0,0,1,0,0,1
526,4,0,0,1,0,1,0,1,1,1,0
527,2,0,0,0,0,0,0,1,0,1,1
528,7,1,0,1,0,1,0,0,0,1,0
529,5,0,0,0,1,1,0,0,0,1,1
530,2,1,0,0,0,0,0,0,1,1,1
531,3,1,0,1,1,0,0,1,0,0,0
532,5,1,1,0,0,0,0,0,1,1,1
533,3,0,0,1,1,1,0,1,1,1,0
534,3,0,0,0,0,0,0,0,0,1,0
535,1,1,0,0,0,1,0,1,0,1,1
536,4,1,0,0,1,1,0,0,1,0,1
537,7,1,1,0,1,0,1,1,0,0,0
538,5,1,0,0,0,0,0,1,1,1,1
539,7,0,1,0,0,0,0,1,1,1,1
540,1,1,1,0,0,0,0,0,1,0,1
541,4,0,1,0,0,1,0,0,0,0,1
542,2,0,0,1,0,0,0,1,0,0,0
543,2,0,1,0,0,0,0,1,1,0,0
544,3,0,0,0,0,0,0,0,1,1,1
545,7,1,0,0,0,1,1,0,1,1,0
546,6,0,0,1,0,0,1,0,1,1,0
547,5,0,1,0,0,0,1,0,0,1,0
548,3,1,0,0,0,0,0,0,1,1,0
549,2,1,0,0,0,1,1,0,1,1,1
550,1,1,0,0,1,0,0,1,1,0,0
551,3,0,0,0,0,0,1,1,1,1,1
552,4,1,0,0,0,0,0,0,0,1,0
553,2,0,0,1,0,1,0,1,0,1,1
554,6,1,0,1,1,0,0,0,0,1,1
555,2,0,0,0,1,0,0,1,0,1,0
556,3,0,0,0,1,0,1,1,0,1,0
557,4,1,1,0,0,0,1,0,0,1,0
558,4,0,0,1,0,1,0,0,0,1,0
559,5,1,0,0,0,0,1,0,0,1,1
560,3,1,1,0,1,0,0,0,0,0,0
561,7,1,0,0,0,0,0,1,1,0,0
562,7,0,0,0,0,0,0,1,1,1,0
563,1,0,0,0,0,0,0,1,0,0,1
564,7,0,0,0,0,0,0,0,1,0,0
565,1,1,1,1,1,0,0,0,1,1,1
566,7,1,0,1,1,0,0,0,0,0,1
567,3,0,0,0,0,0,0,0,1,1,1
568,2,1,0,0,0,0,0,1,1,0,0
569,5,0,1,0,0,0,1,1,0,1,1
570,5,1,1,1,0,0,0,1,1,0,1
571,1,1,1,0,0,0,0,0,0,1,1
572,1,0,1,0,1,0,0,0,1,1,0
573,4,0,1,0,1,0,0,0,1,1,0
574,7,1,1,0,0,0,0,1,1,1,0
575,6,1,0,0,1,1,1,0,0,1,1
576,5,0,0,1,1,1,0,1,0,1,0
577,4,1,1,0,0,0,0,1,1,1,0
578,2,1,0,0,0,0,0,0,0,0,1
579,6,1,0,0,0,0,0,1,1,1,1
580,1,1,1,0,0,0,0,0,1,0,0
581,1,0,1,1,0,0,1,0,0,0,0
582,4,1,0,1,1,0,0,0,0,0,0
583,1,0,0,0,0,0,1,1,1,0,0
584,2,1,0,0,0,0,0,1,1,0,1
585,4,0,1,1,0,0,0,0,1,1,0
586,2,0,0,0,0,0,0,0,1,1,1
587,6,1,0,1,1,0,1,1,0,1,0
588,1,1,0,0,0,0,0,0,1,0,0
589,6,1,0,0,1,0,0,0,0,1,0
590,6,1,0,0,0,1,1,0,0,1,1
591,4,0,1,0,0,0,0,1,0,1,1
592,3,1,1,1,0,1,0,1,1,0,1
593,1,1,0,0,1,0,0,1,1,1,1
594,3,1,0,0,1,0,1,1,0,0,0
595,2,0,0,0,0,0,0,0,1,1,0
596,3,1,0,0,0,0,1,1,0,0,1
597,7,1,0,0,0,0,1,1,0,1,1
598,5,0,0,0,0,1,0,0,0,1,1
599,3,0,0,1,0,0,0,1,1,1,1
600,6,0,0,1,0,1,0,1,0,1,0
601,6,0,1,0,0,0,0,0,0,1,1
602,6,0,0,1,0,1,1,1,0,1,1
603,5,0,0,0,0,0,1,1,1,0,1
604,7,1,0,0,0,0,0,0,1,0,0
605,4,1,0,0,1,1,1,1,1,1,0
606,3,0,0,1,1,0,1,0,0,1,1
607,1,0,1,1,0,0,0,1,1,1,0
608,1,0,0,0,1,0,0,1,0,0,1
609,6,0,0,0,0,0,0,1,1,1,1
610,3,1,0,0,1,0,0,0,0,0,0
611,5,1,1,0,0,0,0,1,0,0,1
612,2,1,0,0,1,0,0,0,1,0,1
613,6,0,0,0,0,0,0,1,0,1,0
614,4,1,0,0,1,1,0,0,0,0,0
615,2,1,0,1,1,0,0,0,0,1,0
616,1,0,1,0,0,0,0,0,0,1,1
617,2,0,0,0,1,0,0,1,1,1,1
618,2,1,0,1,1,0,1,0,1,1,1
619,7,1,0,1,1,0,0,1,1,1,1
620,2,1,1,0,0,0,0,0,1,1,0
621,5,1,0,0,0,1,1,0,0,0,1
622,2,0,1,0,0,0,0,0,1,0,0
623,4,1,0,0,0,1,0,1,1,0,1
624,6,1,0,0,0,0,0,0,1,1,0
625,4,0,0,0,0,1,0,0,0,0,0
626,5,0,0,1,1,0,0,0,0,0,1
627,2,0,0,0,0,0,0,1,1,0,1
628,2,1,0,1,0,0,0,0,1,1,0
629,4,0,1,0,0,1,0,0,1,0,0
630,2,0,0,0,1,0,0,1,0,1,1
631,4,1,1,0,1,0,1,1,1,0,1
632,3,0,0,1,0,1,0,1,0,0,1
633,1,1,0,0,0,0,1,0,0,1,0
634,3,0,0,0,1,0,0,1,0,1,0
635,7,1,0,0,0,0,0,1,1,1,0
636,2,0,0,0,0,1,1,1,0,0,0
637,7,1,0,0,0,0,0,1,1,0,0
638,5,0,0,0,1,0,0,0,0,1,1
639,4,1,0,0,0,1,0,1,1,0,1
640,3,0,1,1,1,0,0,0,1,0,1
641,7,1,0,0,0,0,0,1,1,1,1
642,6,1,0,0,1,0,1,1,1,1,0
643,4,0,1,0,0,0,0,1,1,0,0
644,7,1,0,1,0,0,0,1,0,1,1
645,7,1,0,1,1,0,0,0,0,0,1
646,5,1,0,0,1,0,0,0,1,1,1
647,6,1,0,1,1,0,0,1,1,1,1
648,6,1,0,0,0,0,0,1,1,0,1
649,3,1,0,0,0,0,0,1,0,0,1
650,7,1,0,1,0,1,0,0,0,1,1
651,6,1,0,0,0,0,0,0,0,0,1
652,1,0,0,0,1,0,0,1,1,0,1
653,1,1,0,1,1,0,1,0,1,1,1
654,7,1,0,1,1,0,0,1,1,1,0
655,6,1,0,1,1,0,0,1,1,1,1
656,3,0,0,0,1,1,0,0,1,0,1
657,1,1,0,1,1,0,0,1,0,0,1
658,4,1,1,0,0,1,0,1,0,1,0
659,6,0,0,0,1,0,0,0,1,0,1
660,7,1,1,0,1,0,1,1,1,0,0
661,4,1,0,0,1,0,0,1,0,1,0
662,2,1,0,0,0,0,0,1,1,0,1
663,6,1,1,0,0,0,1,0,0,1,1
664,6,1,0,0,0,0,1,1,1,1,1
665,5,1,1,0,1,1,0,0,0,0,0
666,6,1,0,0,0,0,0,1,1,1,1
667,2,1,0,1,1,0,0,0,0,0,1
668,5,1,1,1,0,0,0,0,1,0,0
669,4,1,1,0,0,1,0,1,0,0,1
670,2,1,0,1,1,0,0,1,0,0,1
671,2,1,0,0,0,0,0,0,1,0,0
672,4,0,1,0,1,1,0,0,0,1,1
673,6,0,0,0,0,1,1,0,0,0,0
674,1,1,0,1,0,0,0,0,1,0,1
675,3,1,0,0,0,0,0,1,0,1,0
676,3,0,0,1,1,0,1,0,1,0,0
677,3,1,0,0,0,0,0,1,0,1,0
678,6,1,0,0,0,0,0,0,0,0,1
679,3,1,0,0,1,0,1,1,1,1,0
680,3,1,0,0,0,0,0,0,1,1,1
681,5,1,0,0,1,0,0,0,1,0,1
682,7,1,0,0,0,0,1,0,0,1,0
683,3,0,0,0,1,0,0,1,1,0,1
684,6,1,0,0,1,0,1,1,1,0,0
685,1,1,0,0,0,0,1,0,1,1,1
686,2,1,1,1,1,0,0,0,0,1,1
687,5,0,0,0,0,0,1,1,0,1,1
688,6,0,1,0,0,0,1,0,1,1,0
689,6,1,0,0,0,0,0,0,0,0,1
690,3,1,0,0,1,0,0,1,1,1,0
691,5,0,1,0,1,0,1,0,0,1,1
692,1,0,1,0,0,1,0,0,0,1,1
693,2,1,0,0,0,0,1,1,0,0,1
694,6,1,0,0,0,1,0,1,0,1,0
695,3,1,0,0,0,0,0,1,0,1,0
696,1,1,0,0,1,0,1,0,1,0,1
697,3,0,0,0,1,0,0,0,1,0,0
698,6,1,0,0,1,0,0,0,1,0,0
699,3,1,1,0,1,0,0,1,0,0,1
700,5,1,1,1,0,0,0,0,1,0,0
701,4,1,0,0,0,1,1,0,0,0,0
702,2,0,0,0,0,0,1,0,0,1,0
703,5,0,0,0,0,0,1,1,1,1,0
704,7,1,0,0,1,0,0,1,1,0,0
705,5,1,0,0,0,0,1,1,0,1,0
706,2,0,0,1,1,0,0,0,0,1,1
707,3,1,0,0,1,0,1,1,1,0,1
708,3,1,0,1,0,0,0,1,0,1,1
709,5,1,0,0,0,0,0,1,0,1,1
710,2,1,1,0,0,0,1,0,1,1,1
711,2,0,0,0,1,0,1,0,1,0,1
712,1,0,0,0,0,0,0,1,1,0,1
713,1,1,0,0,0,0,0,1,0,0,1
714,5,0,1,0,1,0,0,1,0,0,0
715,3,0,0,0,0,0,1,0,1,1,1
716,5,1,0,0,0,1,0,1,0,1,1
717,6,1,0,1,0,0,0,1,1,0,0
718,6,1,0,0,0,0,0,0,1,0,0
719,5,1,0,0,0,0,0,0,1,0,0
720,3,1,0,0,0,0,1,1,0,0,1
721,3,0,0,0,0,0,0,1,0,1,1
722,5,0,0,0,1,0,0,0,1,0,0
723,2,0,1,1,0,0,1,0,1,0,0
724,4,1,1,0,0,0,0,1,1,0,0
725,6,1,1,0,1,1,0,1,0,1,1
726,6,1,0,0,0,0,0,1,0,1,1
727,4,0,1,1,0,0,1,0,1,0,0
728,3,1,0,0,0,0,1,0,0,1,1
729,4,0,1,1,0,1,0,0,1,0,0
730,5,1,0,1,1,0,0,1,1,0,0
731,6,0,1,0,1,0,0,1,1,1,1
732,6,1,0,0,0,1,0,0,0,0,1
733,4,1,1,0,0,1,1,0,1,1,0
734,4,1,1,1,0,1,0,0,1,1,0
735,7,1,0,1,0,0,0,0,0,1,0
736,7,0,0,0,0,0,0,1,0,0,0
737,2,1,1,0,0,0,0,0,1,0,0
738,4,0,1,1,0,0,0,1,0,0,1
739,7,0,0,0,0,0,0,0,1,1,1
740,6,1,0,0,1,0,0,1,0,0,0
741,7,1,0,1,1,0,1,0,1,0,0
742,1,1,0,1,0,0,0,0,1,1,1
743,2,1,0,1,0,0,0,1,1,1,0
744,2,1,1,0,1,0,0,0,1,1,0
745,7,0,0,1,0,0,0,0,0,1,0
746,7,0,0,1,0,0,0,0,0,0,1
747,2,0,0,0,1,0,0,1,1,0,1
748,6,1,0,1,1,0,1,1,0,1,1
749,6,1,0,0,0,0,0,0,1,0,1
750,7,0,1,0,1,0,1,0,1,1,1
751,3,1,0,0,0,0,0,1,1,1,1
752,7,1,0,0,0,1,1,0,0,0,0
753,6,1,0,0,0,1,1,1,0,1,0
754,7,1,0,0,0,0,0,1,0,1,1
755,4,0,0,1,0,0,0,0,0,1,1
756,1,1,0,0,0,0,1,0,0,0,1
757,5,1,0,0,0,0,0,0,0,0,1
758,3,1,0,0,1,0,0,1,0,1,0
759,4,0,1,0,0,1,0,1,0,1,0
760,4,1,1,0,0,1,0,0,0,0,1
761,2,0,1,0,0,0,1,0,0,0,1
762,2,1,0,0,1,1,0,1,1,0,1
763,7,1,0,0,0,0,0,0,1,0,1
764,2,1,0,1,0,0,0,0,1,1,0
765,1,0,0,0,1,0,0,0,1,1,1
766,3,1,0,1,1,0,1,0,0,0,1
767,3,1,1,0,0,0,0,1,0,0,0
768,3,0,0,0,1,0,0,0,1,1,0
769,1,1,0,0,1,0,0,0,0,1,1
770,2,0,1,0,0,0,0,0,0,1,1
771,2,1,1,0,0,0,1,1,0,1,0
772,7,0,0,1,0,0,1,0,1,0,0
773,6,1,0,0,0,0,1,0,1,1,1
774,5,1,1,0,0,0,1,0,0,1,1
775,3,0,0,1,0,1,0,0,1,1,1
776,7,1,0,0,0,0,0,0,1,0,0
777,7,0,1,1,0,0,0,1,0,0,0
778,4,1,1,0,1,1,1,0,0,0,1
779,3,0,0,0,1,0,0,0,0,1,0
780,7,1,0,0,0,0,0,1,0,1,0
781,1,1,0,0,1,0,0,1,1,0,1
782,5,1,0,1,1,0,1,0,1,0,1
783,6,1,0,0,1,0,1,0,0,1,0
784,4,0,0,0,1,0,0,1,0,0,0
785,6,1,0,0,1,0,0,1,1,0,1
786,5,1,0,1,0,1,1,0,1,1,0
787,2,0,0,0,1,0,0,1,0,1,1
788,4,0,1,0,0,0,1,1,0,0,0
789,2,1,1,0,0,0,0,1,0,0,1
790,6,1,0,1,1,0,1,1,1,1,0
791,7,1,0,1,0,0,0,1,0,0,1
792,3,0,0,0,1,0,0,1,1,1,0
793,5,1,0,0,0,0,1,1,1,1,1
794,3,0,0,0,0,1,0,1,0,1,0
795,7,1,0,0,0,0,0,1,0,1,0
796,2,1,0,0,0,0,0,0,1,0,0
797,3,1,0,0,0,1,0,0,1,0,1
798,1,1,1,1,0,0,1,1,0,1,0
799,6,1,0,0,0,0,0,0,1,0,1
800,3,0,0,1,0,0,0,1,0,1,1
801,5,1,1,0,0,1,0,0,0,1,0
802,6,0,0,0,0,1,0,0,0,0,0
803,1,0,0,0,1,1,1,0,0,0,1
804,3,0,0,0,0,0,0,1,0,1,1
805,7,1,0,0,0,0,1,1,0,0,1
806,5,0,1,0,0,0,0,1,1,0,1
807,2,1,0,0,0,0,1,0,0,1,0
808,5,1,0,0,1,0,0,1,0,0,1
809,1,0,0,0,0,0,0,0,1,0,1
810,7,1,0,0,1,0,0,1,1,0,1
811,3,0,0,1,0,0,0,1,0,0,0
812,1,0,0,0,1,1,1,0,0,1,1
813,5,1,1,1,1,0,0,0,0,0,0
814,3,0,0,1,0,1,1,1,0,1,0
815,4,1,1,0,0,0,0,0,0,0,1
816,1,0,0,0,1,1,1,1,0,0,0
817,1,0,0,1,0,1,0,1,0,1,0
818,3,1,0,0,0,0,0,0,0,0,0
819,1,1,0,0,0,0,0,0,0,0,0
820,3,1,0,0,0,0,0,0,1,0,1
821,4,0,1,0,1,1,0,1,0,1,0
822,7,0,0,1,0,0,0,0,1,1,0
823,3,0,0,1,1,0,0,0,0,0,1
824,5,0,0,0,0,1,1,1,0,1,0
825,7,1,0,0,0,0,1,1,1,1,0
826,7,1,0,0,0,0,1,0,1,0,1
827,6,1,0,0,1,0,1,0,1,0,0
828,1,1,0,0,0,1,1,1,1,0,1
829,5,1,0,1,0,1,0,0,0,1,1
830,1,0,0,0,0,0,0,1,0,1,1
831,5,1,0,0,1,0,1,1,0,1,0
832,5,1,0,0,1,0,0,0,0,0,0
833,4,1,1,1,0,1,0,0,1,1,1
834,6,1,0,0,0,0,1,1,1,0,0
835,2,1,0,0,0,0,0,0,1,0,1
836,6,0,0,0,0,0,1,1,0,1,0
837,4,1,0,1,1,1,0,1,0,0,1
838,5,1,0,0,0,0,0,0,1,0,1
839,7,1,0,1,0,0,0,0,1,1,0
840,3,1,0,0,0,0,0,1,1,1,1
841,5,0,0,0,1,0,0,0,1,0,1
842,4,1,1,1,0,1,1,0,1,1,0
843,5,0,0,0,0,0,0,1,1,1,0
844,6,0,0,1,0,0,0,1,0,1,1
845,1,1,0,0,0,1,0,1,1,1,0
846,6,1,0,1,0,1,0,1,1,0,1
847,6,0,0,1,0,1,0,0,0,0,1
848,1,0,0,1,0,0,0,1,1,0,0
849,4,0,1,0,1,0,0,0,1,1,0
850,1,1,0,0,0,0,1,0,0,0,0
851,4,0,1,0,1,1,0,1,1,1,0
852,6,1,0,0,0,0,1,0,0,0,0
853,1,0,0,0,0,0,0,0,1,1,1
854,1,1,0,0,1,0,0,0,0,0,1
855,1,1,0,0,0,0,1,1,0,0,1
856,7,1,0,0,1,0,0,1,0,0,0
857,1,0,1,0,0,1,0,1,1,0,1
858,2,0,0,0,0,0,0,1,0,1,1
859,4,1,0,0,0,1,0,1,1,1,0
860,7,1,0,0,0,0,0,1,1,0,1
861,5,0,0,0,0,1,0,0,1,1,0
862,4,1,1,0,0,0,0,1,1,1,1
863,6,1,0,0,0,1,1,0,0,1,0
864,6,1,1,0,0,0,0,1,1,0,1
865,5,1,0,1,0,0,0,1,1,1,1
866,2,0,1,0,0,0,1,1,1,1,0
867,5,0,0,0,0,0,0,1,0,0,1
868,6,1,0,0,1,0,1,0,1,1,0
869,7,1,0,1,0,0,1,1,0,0,0
870,1,0,0,0,0,0,0,0,1,0,0
871,2,1,1,0,0,0,0,1,0,0,1
872,3,1,0,1,0,0,1,0,1,0,1
873,6,1,0,0,1,0,0,1,1,0,1
874,6,1,0,0,0,0,0,0,1,0,1
875,4,1,1,0,0,1,0,0,1,0,0
876,7,1,1,0,1,0,1,1,1,1,0
877,1,1,0,0,0,0,1,0,1,1,0
878,1,1,0,1,0,0,0,1,0,0,1
879,3,0,0,0,0,0,0,1,1,0,1
880,4,0,1,1,0,0,1,0,1,1,1
881,6,0,0,0,1,0,0,0,1,1,1
882,5,1,0,0,0,0,0,0,1,0,0
883,6,1,0,0,0,0,0,0,0,1,0
884,1,1,0,0,0,0,1,0,1,0,1
885,5,1,1,0,0,0,0,1,1,1,1
886,6,0,0,0,0,0,0,1,1,0,0
887,4,0,1,0,1,0,0,1,1,1,1
888,2,1,0,0,0,0,0,1,0,0,0
889,6,1,0,0,1,0,0,0,0,1,1
890,6,1,0,0,0,0,0,0,0,1,1
891,2,1,0,1,1,1,0,1,0,0,0
892,4,0,0,1,1,0,1,0,1,0,1
893,6,1,1,1,1,0,0,0,0,0,0
894,6,0,0,0,0,0,0,0,1,1,1
895,4,0,1,0,0,1,0,0,0,1,1
896,7,1,0,0,1,0,0,1,0,1,0
897,7,0,0,1,0,0,1,1,0,0,0
898,5,1,0,1,0,1,0,0,1,1,0
899,6,0,0,0,0,0,0,1,0,1,1
900,1,0,0,1,0,0,0,1,0,1,0
901,4,0,0,0,0,1,0,1,1,1,0
902,4,0,1,0,0,1,1,1,1,1,0
903,7,1,1,0,0,0,0,0,1,0,0
904,4,0,1,0,0,1,0,1,0,0,0
905,7,1,1,0,0,0,1,1,1,1,0
906,5,0,0,1,0,0,1,0,1,1,1
907,1,0,0,0,0,0,0,1,1,1,0
908,7,1,1,0,0,0,1,1,0,0,1
909,4,1,1,0,0,1,0,1,1,1,1
910,1,1,0,0,1,0,0,1,1,1,1
911,1,1,0,0,0,0,1,1,1,1,0
912,1,0,0,0,0,0,0,1,1,1,0
913,3,1,0,0,0,0,0,0,1,1,1
914,6,0,0,0,1,0,0,0,0,1,0
915,5,1,1,0,0,0,0,1,1,0,0
916,6,1,0,0,0,0,0,1,1,1,1
917,5,1,0,1,0,0,0,1,1,0,1
918,2,1,1,0,1,0,0,1,0,1,1
919,7,0,0,0,1,0,0,0,0,0,1
920,6,1,0,0,0,1,0,1,0,0,1
921,2,1,0,0,1,0,0,1,0,0,1
922,2,0,0,1,0,0,1,0,0,0,1
923,6,0,0,0,0,0,0,1,1,0,0
924,1,0,0,0,0,0,0,0,1,1,1
925,4,0,0,1,0,1,0,1,1,1,0
926,6,1,0,1,0,0,0,0,0,1,0
927,2,0,0,0,1,0,0,1,0,0,1
928,2,1,1,0,0,1,0,0,0,1,1
929,7,1,0,0,0,0,1,0,0,0,0
930,4,1,0,0,0,1,0,1,1,0,0
931,7,0,0,0,0,0,1,1,1,1,0
932,7,1,1,1,0,0,0,0,1,1,1
933,5,1,1,0,1,0,0,1,1,1,1
934,4,0,1,0,1,0,1,0,1,1,0
935,2,0,0,0,0,0,0,1,0,1,0
936,5,0,0,1,0,0,0,1,0,0,0
937,7,0,0,1,1,0,0,1,1,1,1
938,6,1,0,0,0,0,0,0,0,1,1
939,4,0,0,0,0,1,1,0,1,0,1
940,1,1,0,0,0,0,1,1,0,0,1
941,3,1,0,0,1,0,1,1,0,0,1
942,4,0,1,1,0,0,0,0,1,1,1
943,1,0,1,1,0,0,0,0,0,1,0
944,1,1,0,1,0,0,0,0,1,0,1
945,7,0,0,1,0,0,0,1,1,1,0
946,3,0,1,1,1,0,1,1,1,1,1
947,3,1,0,0,1,0,0,0,0,0,0
948,5,0,0,0,0,1,0,0,1,1,1
949,5,0,0,0,0,0,0,1,1,1,0
950,6,0,0,0,1,0,0,1,0,0,0
951,6,1,1,1,0,1,0,1,1,1,1
952,7,1,0,0,0,1,1,1,1,0,1
953,7,1,0,0,1,0,0,1,1,0,1
954,1,1,1,0,1,0,1,1,1,0,0
955,2,1,0,1,1,0,0,1,1,0,1
956,7,1,0,0,1,0,0,1,0,0,0
957,2,0,0,0,1,0,0,1,0,1,1
958,3,1,0,0,0,0,0,0,1,0,0
959,3,1,0,1,1,0,0,0,1,0,0
960,2,1,0,0,1,0,0,1,0,0,1
961,7,1,1,0,1,1,0,0,1,0,0
962,5,0,0,0,0,1,0,0,1,0,0
963,1,1,0,0,1,0,1,1,1,0,1
964,6,1,0,0,0,0,1,1,0,1,1
965,7,0,0,1,0,0,0,0,1,0,0
966,2,0,1,1,0,1,0,1,0,0,1
967,4,1,1,0,1,0,0,1,1,1,1
968,1,1,0,0,0,0,0,1,0,1,0
969,5,1,0,1,0,0,1,0,1,1,1
970,2,1,0,1,1,0,1,1,0,0,0
971,6,1,0,0,0,0,0,1,1,1,0
972,2,1,1,0,0,0,0,1,0,1,1
973,2,0,0,0,0,1,0,0,1,0,0
974,6,1,0,1,1,0,0,0,0,0,0
975,7,1,0,0,0,0,0,0,0,1,1
976,4,1,1,0,0,0,0,1,0,1,1
977,5,1,0,1,1,0,0,0,0,0,0
978,6,1,0,0,0,0,1,1,0,0,1
979,2,0,1,1,0,0,1,1,0,1,0
980,7,1,0,1,0,0,0,1,0,0,1
981,3,1,0,0,0,0,0,1,1,1,1
982,1,0,0,0,0,0,0,1,1,0,0
983,1,1,1,1,0,0,0,1,0,1,1
984,3,1,1,0,0,0,0,1,1,1,1
985,3,1,1,0,0,0,0,1,0,0,0
986,6,1,0,0,0,0,0,1,1,0,1
987,5,1,0,0,0,0,0,1,1,0,0
988,6,0,0,0,0,0,0,0,0,0,0
989,1,1,0,0,0,0,0,0,1,1,1
990,5,1,0,1,1,0,0,0,0,0,1
991,1,0,0,0,0,0,0,0,1,1,0
992,2,0,0,0,1,0,1,1,1,0,1
993,3,1,0,0,1,0,0,1,0,1,0
994,4,1,1,0,0,0,1,1,0,0,1
995,6,1,0,0,0,0,0,1,0,0,0
996,4,0,1,0,0,1,1,0,0,1,0
997,5,1,0,1,0,0,0,1,0,1,0
998,6,1,0,1,0,1,0,0,1,0,0
999,7,1,1,0,1,0,0,1,1,0,1
1000,7,1,1,0,0,0,1,1,1,0,1
1001,6,0,1,0,0,0,0,0,1,0,1
1002,3,0,1,1,0,0,1,1,1,0,0
1003,5,0,1,0,0,0,0,0,1,1,0
1004,2,1,1,0,1,0,0,0,0,1,0
1005,4,1,1,0,1,0,0,1,0,0,1
1006,7,1,0,0,0,0,0,1,1,0,0
1007,3,1,0,0,1,0,0,1,0,0,0
1008,6,1,0,1,0,1,0,1,1,0,1
1009,2,1,0,0,0,1,0,0,1,0,1
1010,3,1,0,0,0,0,0,1,0,1,1
1011,3,1,0,1,0,0,0,1,0,0,1
1012,4,0,0,1,0,1,0,1,1,1,0
1013,6,0,0,1,0,0,0,0,1,0,1
1014,1,1,1,1,0,0,0,1,0,0,0
1015,2,0,1,0,0,0,0,0,1,0,1
1016,1,1,0,1,0,0,0,1,1,0,1
1017,4,1,1,0,0,1,1,1,1,0,0
1018,2,1,1,0,0,0,0,0,1,1,0
1019,4,1,1,0,0,1,0,0,1,1,0
1020,5,0,0,1,0,0,0,1,0,1,1
1021,4,0,0,0,0,1,1,1,1,1,1
1022,1,1,0,1,0,0,1,1,1,0,0
1023,2,1,0,0,1,0,1,1,0,1,0
1024,3,0,0,1,0,1,0,0,1,1,1
1025,5,1,0,0,0,0,0,1,0,1,0
1026,3,0,0,0,0,0,0,0,0,1,1
1027,7,1,1,0,0,0,0,1,0,0,0
1028,3,0,0,1,0,0,0,0,0,1,0
1029,2,1,1,0,1,0,1,0,0,1,0
1030,2,0,0,1,1,0,0,0,0,0,1
1031,7,1,0,0,0,0,0,0,0,0,0
1032,4,1,0,0,1,0,0,1,0,1,0
1033,6,0,0,1,0,0,1,0,0,1,1
1034,3,0,1,0,0,0,0,0,1,0,1
1035,4,1,0,1,0,1,1,0,1,0,1
1036,2,1,0,1,0,0,0,0,0,1,0
1037,4,1,0,0,0,0,0,0,1,0,1
1038,2,1,0,0,0,0,0,0,1,1,0
1039,4,1,0,0,0,0,0,1,1,1,1
1040,3,1,1,0,0,0,0,1,0,1,1
1041,6,0,0,0,1,0,0,1,0,1,0
1042,6,0,0,1,1,0,0,1,0,0,0
1043,4,1,0,0,0,0,0,0,0,0,1
1044,7,1,0,1,0,0,0,1,0,0,1
1045,2,1,0,0,1,0,1,0,1,0,0
1046,2,1,0,0,0,0,0,0,1,0,0
1047,2,1,0,1,0,0,1,0,1,0,1
1048,3,0,0,1,1,0,0,1,0,1,0
1049,7,0,1,0,1,0,1,0,1,1,1
1050,3,0,0,1,0,0,0,1,1,0,0
1051,5,1,1,0,0,1,1,0,1,1,1
1052,6,1,0,0,0,1,0,0,1,1,0
1053,7,1,0,1,1,0,0,1,0,1,1
1054,1,1,0,0,0,0,0,1,1,1,1
1055,2,1,0,0,0,0,0,0,0,0,1
1056,6,0,1,0,0,0,0,0,1,1,0
1057,6,1,1,1,1,1,1,1,1,1,0
1058,7,0,0,1,0,0,0,0,1,1,0
1059,1,0,0,0,0,0,0,0,1,0,0
1060,7,1,0,0,1,0,0,1,0,0,0
1061,2,0,0,0,0,0,0,0,1,1,1
1062,7,1,0,1,0,0,0,1,1,0,0
1063,4,1,1,0,0,1,0,0,0,0,0
1064,5,0,0,0,1,0,0,0,0,0,0
1065,2,1,1,1,1,0,1,0,1,0,1
1066,7,1,1,0,0,0,0,0,0,0,0
1067,3,0,0,0,0,0,0,0,0,1,0
1068,2,0,1,0,0,1,0,0,0,1,0
1069,2,0,0,1,1,0,0,0,0,0,0
1070,3,0,1,0,1,0,0,1,0,1,0
1071,4,1,1,1,0,1,0,1,0,1,0
1072,1,1,1,0,0,0,0,0,0,1,0
1073,5,1,0,0,0,1,0,1,0,1,0
1074,7,1,1,0,0,0,0,0,0,1,0
1075,6,0,1,1,1,0,0,1,0,1,0
1076,6,0,0,0,0,0,0,1,0,0,0
1077,3,1,0,0,0,0,0,0,1,0,1
1078,5,1,0,0,0,0,0,1,0,1,0
1079,1,1,1,0,0,0,0,1,1,0,1
1080,1,1,0,0,0,0,0,1,1,0,1
1081,5,0,0,0,0,0,0,0,1,0,0
1082,7,1,0,0,1,0,0,0,1,1,1
1083,7,1,0,1,0,0,0,0,1,1,1
1084,4,0,0,0,0,0,0,0,0,1,1
1085,3,1,0,0,1,0,0,0,1,1,0
1086,7,0,0,0,0,0,0,0,0,1,1
1087,5,0,0,0,0,0,0,0,1,1,1
1088,1,1,0,0,0,0,0,1,0,0,1
1089,1,0,0,1,1,0,0,1,1,1,1
1090,7,0,0,1,0,0,1,0,0,1,0
1091,4,1,0,0,0,1,0,0,1,0,1
1092,4,0,0,0,0,0,0,0,0,1,0
1093,4,1,1,0,1,0,1,1,0,1,1
1094,1,0,0,0,0,0,0,0,0,0,1
1095,4,1,0,0,1,1,1,0,0,1,1
1096,2,0,0,1,0,0,0,0,1,0,0
1097,1,1,0,1,0,0,0,1,1,0,1
1098,2,1,0,0,0,0,0,1,1,0,0
1099,6,0,1,1,0,0,0,1,0,1,0
1100,7,0,0,1,0,0,0,0,1,1,1
1101,7,1,0,0,0,0,1,0,0,0,1
1102,1,1,0,0,0,1,0,0,1,1,1
1103,1,0,0,0,0,0,0,0,0,1,0
1104,5,0,0,0,0,0,0,0,0,0,1
1105,2,1,0,1,0,0,0,1,0,0,1
1106,2,0,0,0,0,0,0,1,1,0,0
1107,1,1,0,1,0,0,0,0,1,1,0
1108,6,0,0,0,0,0,0,1,1,0,1
1109,3,1,0,0,1,0,1,1,1,0,0
1110,2,1,0,0,0,0,0,0,0,1,0
1111,2,1,1,0,1,0,1,1,0,1,0
1112,4,0,1,0,0,1,0,0,0,0,1
1113,6,0,0,1,0,0,0,0,1,1,1
1114,5,0,1,0,0,0,0,1,1,0,1
1115,1,1,0,1,0,0,0,1,1,1,1
1116,5,1,1,0,1,1,0,1,1,0,1
1117,5,1,0,1,0,1,0,1,1,1,1
1118,4,0,1,0,0,1,0,0,0,0,0
1119,1,1,0,0,0,0,0,1,0,0,0
1120,7,1,0,0,0,0,1,0,1,1,0
1121,1,0,0,1,0,0,0,0,1,0,1
1122,7,0,0,0,0,1,0,0,0,0,1
1123,5,0,0,0,0,0,1,1,0,0,0
1124,5,1,0,0,0,0,1,0,0,1,0
1125,6,0,0,0,1,0,0,1,0,1,1
1126,7,0,0,0,0,0,0,1,0,1,0
1127,4,1,1,0,0,1,0,0,0,0,0
1128,3,1,1,0,0,0,0,0,1,0,0
1129,2,1,0,0,0,0,0,0,1,1,0
1130,1,1,0,1,1,1,0,1,1,0,0
1131,1,1,0,1,1,0,0,1,0,0,1
1132,2,1,0,0,0,0,0,0,1,1,1
1133,6,1,0,0,0,0,0,1,0,1,1
1134,1,0,0,0,0,0,0,0,0,1,0
1135,2,0,0,1,0,0,0,1,1,0,1
1136,4,0,0,0,0,1,0,0,1,0,1
1137,1,1,0,0,0,0,1,1,1,0,1
1138,5,1,1,0,0,0,0,1,0,0,0
1139,1,1,0,1,0,1,0,0,1,1,1
1140,5,0,0,0,1,0,0,1,0,1,0
1141,1,0,0,0,0,1,1,1,1,1,1
1142,1,0,0,0,0,0,0,1,0,1,1
1143,3,0,0,0,0,0,1,1,1,1,0
1144,2,1,0,0,0,1,0,1,1,1,1
1145,4,0,1,0,0,0,0,0,1,1,1
1146,6,1,0,1,0,0,0,0,0,1,1
1147,2,0,0,0,1,0,0,0,1,1,0
1148,4,0,1,0,0,0,0,1,0,0,0
1149,7,0,0,1,1,0,0,1,1,0,1
1150,6,1,0,0,0,1,0,0,1,0,0
1151,2,0,0,0,1,0,0,0,1,0,1
1152,1,0,1,0,1,0,0,0,0,0,1
1153,1,0,0,1,0,0,0,0,0,1,0
1154,1,1,0,1,0,0,1,1,0,0,0
1155,2,1,0,1,0,0,0,0,0,1,1
1156,2,0,0,1,0,0,0,0,1,1,1
1157,4,0,1,0,0,1,0,1,0,1,0
1158,6,0,0,1,1,0,0,0,0,0,0
1159,7,0,0,0,1,0,0,1,1,1,0
1160,1,1,0,0,0,0,0,0,1,0,1
1161,2,0,0,0,0,0,0,0,0,1,0
1162,2,0,0,0,0,0,0,1,1,1,1
1163,5,0,0,1,0,0,0,0,0,0,0
1164,1,1,0,1,0,0,1,1,1,0,0
1165,5,0,0,0,0,0,0,0,1,0,0
1166,4,1,1,1,1,1,0,1,0,0,0
1167,6,0,0,1,0,0,0,1,0,0,1
1168,7,0,0,0,0,0,1,1,1,1,0
1169,6,1,0,0,0,0,0,1,1,1,0
1170,2,1,0,1,0,0,0,0,1,1,0
1171,2,1,0,0,0,0,1,0,1,1,0
1172,5,1,1,0,0,0,0,1,1,1,1
1173,2,1,0,0,0,0,1,0,1,0,1
1174,2,1,0,0,1,0,0,0,0,0,0
1175,5,0,0,0,0,0,0,1,1,0,1
1176,5,1,1,0,0,0,0,0,0,1,0
1177,7,0,0,0,0,1,0,1,1,1,1
1178,7,1,0,0,0,1,0,0,0,0,0
1179,2,1,0,1,0,0,1,0,0,0,1
1180,7,0,0,0,0,0,0,0,0,0,0
1181,5,1,0,0,0,0,0,1,0,1,1
1182,1,0,0,0,0,0,0,0,0,1,0
1183,6,1,1,0,0,0,0,0,1,0,1
1184,4,1,1,1,0,1,0,1,1,1,0
1185,6,1,1,0,0,0,0,0,0,1,1
1186,4,1,1,1,0,1,0,0,1,0,1
1187,2,1,1,0,0,0,0,1,0,1,0
1188,7,0,0,0,1,0,1,1,0,1,0
1189,3,1,0,0,0,0,0,0,0,1,1
1190,5,1,0,0,0,1,1,1,1,1,1
1191,2,0,0,0,0,0,1,1,1,0,0
1192,4,1,1,0,0,1,0,1,0,1,1
1193,4,1,1,0,0,0,0,1,0,1,0
1194,1,1,0,0,1,0,0,1,0,0,1
1195,4,1,0,0,1,0,1,1,1,1,1
1196,1,0,0,0,0,0,0,0,0,1,1
1197,7,1,0,0,0,0,1,0,1,1,1
1198,3,1,1,0,1,0,0,1,0,1,0
1199,7,0,0,0,1,0,0,1,0,1,0
1200,1,1,0,0,1,0,0,1,1,1,1
1201,7,1,0,0,0,0,1,0,1,0,1
1202,3,0,1,0,0,0,0,0,1,1,0
1203,7,0,0,0,0,0,0,0,0,1,0
1204,3,1,0,1,0,0,0,1,0,1,1
1205,4,0,1,0,1,0,0,1,0,0,1
1206,4,0,1,0,0,1,0,0,0,1,0
1207,4,1,1,1,1,0,0,0,0,0,1
1208,6,1,0,0,0,0,1,1,0,1,1
1209,5,0,0,0,0,0,1,1,1,1,0
1210,5,1,0,0,0,0,0,0,0,0,1
1211,1,1,0,0,0,0,0,0,0,0,0
1212,3,1,1,1,0,0,0,1,0,0,1
1213,1,1,1,0,0,0,1,0,1,1,0
1214,2,1,0,0,1,0,0,1,0,1,0
1215,6,1,1,1,0,0,0,0,1,0,0
1216,4,0,0,0,0,1,0,0,0,1,1
1217,3,0,0,1,1,1,0,0,0,1,0
1218,7,0,1,1,0,0,0,0,0,0,0
1219,4,0,0,0,0,1,1,1,0,1,1
1220,3,0,0,0,0,0,1,0,1,1,0
1221,2,1,1,1,0,0,0,0,1,0,1
1222,3,1,0,0,0,0,0,0,1,0,1
1223,3,1,0,0,0,0,1,0,1,1,0
1224,5,0,1,0,0,0,1,1,0,0,0
1225,6,0,0,0,0,0,0,1,1,1,1
1226,6,1,0,0,0,0,0,0,0,0,1
1227,2,1,1,0,1,0,1,0,1,1,1
1228,5,0,1,0,1,0,0,1,1,0,0
1229,2,0,0,1,0,0,0,1,0,1,0
1230,2,1,0,0,1,1,1,0,1,1,0
1231,1,1,0,0,0,0,0,0,0,1,1
1232,1,1,0,0,0,0,0,0,1,1,1
1233,4,1,1,0,0,1,0,1,1,1,0
1234,6,1,0,1,0,1,0,1,0,0,0
1235,3,0,0,0,0,0,1,0,1,0,1
1236,3,0,0,0,0,0,0,0,1,1,0
1237,4,0,1,0,0,0,1,0,1,1,0
1238,1,1,0,1,0,0,0,1,0,0,1
1239,5,0,0,0,1,0,0,0,0,1,1
1240,1,1,0,0,1,0,0,0,1,1,0
1241,1,0,0,1,1,0,1,1,1,0,0
1242,1,1,0,1,1,0,0,1,1,0,1
1243,6,1,0,1,0,0,0,1,1,0,1
1244,5,0,1,0,0,0,1,1,0,1,1
1245,4,0,1,1,0,0,0,1,1,0,0
1246,7,0,0,0,0,0,0,1,0,0,1
1247,6,0,0,0,0,1,0,1,0,0,1
1248,5,1,0,0,0,0,1,0,0,1,0
1249,6,1,0,0,0,0,1,1,0,0,0
1250,5,0,0,1,0,0,0,1,0,0,1
1251,5,1,1,0,1,0,0,0,1,0,1
1252,5,0,0,0,0,0,0,1,1,0,0
1253,7,0,1,0,0,1,0,0,0,1,1
1254,2,1,0,0,1,0,1,0,0,1,1
1255,4,0,1,0,1,1,0,0,0,0,1
1256,7,1,0,0,0,0,0,1,1,1,1
1257,3,0,0,0,0,1,1,1,0,0,1
1258,3,1,1,0,0,0,0,0,0,1,0
1259,1,1,1,0,0,0,0,0,0,0,0
1260,5,1,0,0,1,1,1,0,0,1,0
1261,5,1,0,1,0,0,0,0,1,0,0
1262,5,0,0,0,1,0,0,0,1,0,1
1263,2,1,0,1,0,0,0,0,1,0,0
1264,2,1,0,0,0,0,0,1,0,0,0
1265,1,1,1,0,0,0,1,1,1,1,0
1266,1,1,0,1,0,1,0,0,0,1,0
1267,6,1,0,0,0,0,0,0,0,1,1
1268,2,0,0,0,0,0,1,0,1,0,1
1269,7,1,0,0,0,0,0,1,0,1,0
1270,4,1,0,0,0,0,0,0,1,0,1
1271,2,1,1,1,0,0,0,1,1,1,0
1272,7,0,0,1,0,0,0,1,1,1,0
1273,1,0,0,0,1,0,0,0,1,1,0
1274,2,1,0,0,0,0,0,0,1,1,0
1275,4,1,1,0,1,0,0,1,0,1,1
1276,3,1,0,0,1,0,1,0,1,1,1
1277,4,1,1,1,0,1,0,1,0,1,1
1278,7,1,0,0,0,0,1,1,0,0,1
1279,4,1,1,0,1,0,0,1,0,1,1
1280,2,1,1,0,0,0,0,0,0,0,0
1281,7,1,0,0,0,0,0,1,1,1,1
1282,2,1,0,1,1,0,0,1,0,0,0
1283,1,1,0,1,1,0,0,1,1,0,1
1284,6,0,0,1,0,0,0,0,0,1,1
1285,4,0,1,1,0,1,0,0,0,0,1
1286,4,1,1,1,1,1,0,0,0,0,1
1287,5,1,1,0,0,0,1,1,0,1,0
1288,5,1,1,0,1,0,0,0,0,1,1
1289,7,0,0,0,1,0,0,0,1,0,1
1290,4,1,1,1,0,1,0,1,0,0,0
1291,7,1,0,0,0,0,1,1,0,1,0
1292,1,1,0,0,1,0,0,1,0,0,1
1293,5,0,0,0,0,0,0,1,1,0,0
1294,5,0,0,0,0,0,0,0,0,0,0
1295,7,0,0,0,0,0,1,1,0,1,0
1296,1,1,0,0,1,0,0,0,0,1,0
1297,1,0,0,0,1,0,0,1,0,0,0
1298,6,1,0,0,1,0,0,0,1,0,1
1299,3,1,0,1,0,0,0,0,0,0,1
1300,1,1,1,1,0,0,0,1,0,1,1
1301,7,1,0,0,0,0,0,0,1,0,1
1302,4,1,0,1,0,1,0,1,1,0,0
1303,7,1,0,0,1,1,0,1,0,1,0
1304,1,0,0,1,0,1,0,1,0,0,0
1305,4,0,1,0,1,1,0,0,1,1,1
1306,4,0,0,0,0,1,0,0,1,0,1
1307,6,1,1,1,0,0,0,1,0,0,1
1308,6,1,0,0,0,0,0,0,0,0,1
1309,1,1,0,0,0,0,0,1,1,0,1
1310,2,0,0,0,0,1,0,0,0,1,0
1311,7,1,1,0,0,0,0,0,1,1,1
1312,6,1,0,1,1,0,0,1,0,1,0
1313,6,1,1,0,0,0,1,1,1,0,1
1314,4,0,1,1,0,1,0,0,1,0,0
1315,3,1,0,0,0,0,0,1,1,0,0
1316,6,0,0,1,0,1,0,1,0,0,1
1317,3,1,0,0,1,0,1,0,1,1,1
1318,5,1,0,1,1,0,0,0,0,1,1
1319,3,0,0,0,0,0,1,0,0,1,1
1320,4,0,0,1,0,0,0,0,0,0,0
1321,6,1,1,0,0,0,0,0,1,0,0
1322,2,0,0,1,1,1,0,1,1,0,0
1323,3,1,0,1,0,1,1,0,1,0,1
1324,5,1,0,1,0,0,1,1,0,0,0
1325,6,1,0,0,0,0,1,1,0,1,1
1326,3,0,0,0,0,0,0,1,1,1,1
1327,1,1,0,0,0,0,0,0,0,0,1
1328,5,0,0,0,0,1,0,1,0,0,0
1329,2,0,0,1,0,0,0,0,1,0,1
1330,2,0,0,0,1,0,1,1,1,1,1
1331,1,1,0,1,0,0,1,0,1,1,1
1332,2,1,0,1,0,0,0,0,0,0,0
1333,7,1,0,0,0,0,0,0,0,0,1
1334,3,1,0,0,0,0,0,1,0,1,0
1335,7,0,0,1,1,0,1,1,0,0,1
1336,6,1,0,0,0,0,0,0,1,1,1
1337,4,1,1,1,0,0,0,1,0,1,1
1338,5,1,0,1,0,0,1,0,1,0,1
1339,2,1,0,0,0,0,0,1,1,1,0
1340,5,1,1,0,0,0,0,0,0,1,1
1341,2,1,0,0,1,0,0,1,1,1,0
1342,7,0,0,0,0,1,0,1,1,0,0
1343,3,1,0,0,0,0,0,1,0,0,0
1344,4,1,0,0,0,1,0,1,1,1,1
1345,4,0,0,1,1,1,0,1,0,0,1
1346,7,1,0,0,0,0,0,1,0,1,1
1347,5,1,1,0,0,0,1,1,1,1,1
1348,7,1,0,0,1,0,0,1,1,0,0
1349,2,0,0,1,1,0,0,1,0,0,0
1350,6,0,0,1,0,0,0,1,0,0,0
1351,1,1,0,0,0,1,0,0,0,0,1
1352,5,1,0,0,0,0,1,1,1,1,1
1353,4,0,1,1,0,1,0,1,0,0,0
1354,1,0,0,0,1,0,0,0,0,1,1
1355,1,1,0,0,0,0,1,0,1,0,0
1356,5,1,0,0,0,0,0,1,0,0,0
1357,3,1,0,0,0,0,0,1,0,0,1
1358,3,1,0,0,0,1,1,0,1,0,1
1359,6,0,0,0,0,1,0,0,1,1,0
1360,7,0,0,0,0,0,0,0,0,0,0
1361,6,0,1,0,1,0,0,0,1,1,0
1362,4,1,1,1,0,1,0,1,1,0,0
1363,7,0,1,0,0,1,1,1,1,1,0
1364,4,0,1,0,0,1,0,0,1,1,1
1365,2,1,0,0,1,1,0,1,1,1,1
1366,4,0,0,1,1,1,0,1,1,1,1
1367,1,0,0,1,1,0,0,0,1,0,1
1368,6,1,0,1,0,1,0,0,0,0,0
1369,1,1,1,0,0,0,0,0,0,1,0
1370,4,0,1,0,0,1,1,1,0,1,0
1371,1,1,0,1,0,1,0,0,0,1,0
1372,3,1,1,0,0,0,0,0,1,0,0
1373,5,0,0,0,0,0,0,1,0,1,1
1374,3,1,0,0,1,0,0,1,0,0,1
1375,5,0,0,0,0,0,0,0,0,1,0
1376,1,0,0,0,0,0,0,1,0,0,0
1377,1,0,1,0,1,0,1,1,0,1,0
1378,6,0,0,0,0,0,0,1,1,0,0
1379,2,1,0,1,1,1,0,0,1,0,1
1380,3,1,0,1,1,0,0,1,1,1,0
1381,5,0,0,0,1,0,0,0,0,1,1
1382,5,1,0,1,0,0,0,0,1,1,1
1383,2,0,0,1,0,0,1,1,0,1,0
1384,2,1,0,0,1,0,0,0,0,1,1
1385,2,1,0,0,1,0,0,1,0,1,1
1386,3,0,1,0,0,0,1,0,1,0,1
1387,6,0,0,0,0,0,1,1,1,1,0
1388,5,1,0,1,1,0,0,1,1,1,0
1389,7,0,1,0,1,0,0,0,0,1,1
1390,1,0,0,0,0,0,1,0,0,0,0
1391,4,1,1,0,0,1,0,1,1,1,1
1392,1,0,1,0,1,0,0,0,0,0,1
1393,3,1,1,0,1,0,0,1,1,0,1
1394,7,1,0,1,1,0,0,0,1,0,0
1395,5,1,0,1,0,0,1,0,1,0,1
1396,6,1,1,0,1,0,0,0,1,0,1
1397,1,0,0,0,0,0,0,0,0,0,1
1398,6,1,0,0,0,1,0,0,0,1,1
1399,2,1,0,0,0,0,0,0,1,0,0
1400,6,0,0,0,0,0,0,1,1,0,1
1401,1,0,0,0,0,0,1,0,0,0,1
1402,4,1,1,0,1,1,0,1,1,1,1
1403,7,0,0,1,1,0,0,0,1,1,0
1404,6,0,0,0,1,1,0,0,1,1,1
1405,4,1,0,0,1,0,0,0,1,1,1
1406,3,0,0,0,1,0,0,1,0,1,1
1407,7,0,1,0,0,0,0,1,1,0,0
1408,7,1,0,0,1,0,0,1,0,0,0
1409,6,1,0,0,1,0,1,0,1,0,1
1410,4,0,1,0,0,0,0,0,0,1,1
1411,3,1,0,0,0,0,0,0,1,1,1
1412,7,1,1,1,0,0,0,1,0,1,1
1413,2,1,0,0,0,0,1,1,1,1,1
1414,5,1,0,0,1,0,0,1,1,1,1
1415,2,1,0,0,1,0,0,1,0,1,1
1416,1,0,0,0,0,1,0,0,1,1,1
1417,2,1,0,0,1,0,0,0,0,1,1
1418,2,1,0,1,0,0,0,0,0,1,1
1419,4,0,1,1,0,1,0,0,0,0,0
1420,3,1,0,0,0,0,0,0,1,0,0
1421,2,0,0,0,0,1,1,0,1,1,0
1422,3,0,0,0,0,0,0,1,0,1,0
1423,2,0,0,1,0,0,0,0,1,0,0
1424,1,0,1,0,0,0,0,1,1,1,1
1425,7,1,1,0,1,1,0,0,0,0,1
1426,5,0,0,0,0,0,0,1,1,0,0
1427,7,1,0,0,0,0,0,0,0,1,0
1428,5,0,1,0,0,0,0,1,0,1,0
1429,1,1,0,0,1,0,0,1,1,1,1
1430,1,1,0,0,0,0,0,0,0,1,1
1431,6,1,0,0,1,0,0,1,0,1,0
1432,7,0,0,0,0,0,0,0,0,1,0
1433,5,1,0,1,0,0,0,1,1,0,1
1434,2,1,0,0,0,1,0,1,0,1,0
1435,7,1,0,1,1,1,1,1,1,0,0
1436,4,0,0,0,0,1,1,1,1,0,0
1437,3,1,0,0,0,0,0,1,0,0,1
1438,2,0,0,1,0,0,0,1,0,0,1
1439,6,1,0,0,1,0,0,1,0,0,1
1440,6,1,1,1,1,0,0,1,1,1,0
1441,5,1,0,0,1,1,0,1,0,1,1
1442,1,0,0,0,0,0,1,1,0,0,1
1443,1,0,0,0,0,0,0,1,0,0,0
1444,6,0,0,1,0,1,0,1,0,0,1
1445,4,1,1,0,0,0,0,0,0,0,0
1446,4,0,0,0,0,1,0,1,0,1,1
1447,1,1,0,0,1,1,1,0,0,1,1
1448,7,0,0,0,0,1,0,0,1,0,0
1449,5,1,0,1,1,0,0,0,0,0,0
1450,7,0,1,0,0,0,1,1,1,1,0
1451,6,1,0,1,0,0,0,0,1,0,0
1452,7,0,1,0,1,0,0,1,1,1,1
1453,4,1,0,0,0,1,0,0,0,1,0
1454,1,0,1,0,1,0,0,1,0,0,1
1455,4,0,0,0,0,1,1,1,1,1,1
1456,4,0,0,0,0,0,1,0,0,0,1
1457,6,1,0,0,0,0,0,1,1,1,0
1458,7,0,0,0,0,0,0,1,0,1,1
1459,2,1,0,0,1,0,1,0,1,1,1
1460,3,1,0,0,0,0,0,0,1,1,0
1461,7,1,1,1,1,0,1,0,0,0,1
1462,4,1,0,0,0,1,0,1,0,1,0
1463,1,0,1,0,0,0,0,0,0,1,0
1464,6,1,0,0,0,0,1,0,0,1,0
1465,1,0,0,1,0,0,0,0,0,0,0
1466,4,0,1,1,0,1,1,0,1,0,1
1467,6,0,0,0,0,0,0,1,0,1,1
1468,4,0,1,0,0,1,0,0,1,1,0
1469,7,1,1,0,0,0,1,1,0,1,1
1470,3,1,0,0,0,0,0,1,1,0,1
1471,4,1,0,1,1,1,0,1,0,0,0
1472,6,1,0,1,0,0,1,0,0,0,0
1473,2,0,0,1,1,0,1,0,1,0,0
1474,6,0,0,0,1,0,0,0,0,1,0
1475,2,1,1,0,0,1,0,0,0,1,1
1476,1,1,0,0,0,0,0,1,1,0,1
1477,6,0,0,0,0,0,0,0,1,0,0
1478,5,0,1,0,0,0,1,1,0,1,0
1479,7,0,0,1,1,0,0,1,0,0,0
1480,2,1,1,0,1,0,1,0,1,1,0
1481,5,1,0,0,0,0,1,1,1,1,1
1482,7,1,0,0,0,0,1,0,0,0,1
1483,2,0,0,0,0,0,0,1,0,0,1
1484,1,1,0,0,1,1,1,1,0,0,0
1485,4,1,1,0,0,1,1,1,1,0,1
1486,5,1,0,0,1,0,0,1,1,1,0
1487,5,0,0,0,1,0,0,0,1,0,1
1488,5,0,0,0,0,0,0,0,0,1,0
1489,2,1,0,0,1,0,0,0,0,1,0
1490,2,1,1,0,0,0,0,1,0,0,1
1491,6,1,0,0,1,0,1,1,0,1,1
1492,7,0,0,0,0,0,0,1,1,0,0
1493,6,1,0,1,0,0,0,1,1,1,1
1494,3,1,0,0,0,1,1,0,0,1,0
1495,3,0,0,0,0,1,0,1,0,1,0
1496,4,1,1,1,0,0,0,0,1,1,0
1497,4,1,0,0,0,0,0,1,0,1,1
1498,5,0,1,0,0,0,1,0,0,1,1
1499,7,1,0,1,1,0,1,1,1,0,1
1500,6,0,0,0,0,0,1,1,1,0,1
1501,3,1,1,1,1,0,0,1,1,1,0
1502,5,0,0,0,0,0,0,0,0,0,0
1503,3,0,0,0,0,0,1,1,0,1,0
1504,1,0,0,0,0,1,0,1,1,0,1
1505,4,0,1,1,0,0,0,0,1,1,1
1506,2,1,0,0,1,0,0,1,0,1,0
1507,1,0,0,0,0,0,0,0,1,0,1
1508,7,1,0,0,0,1,0,1,1,1,0
1509,6,1,0,0,0,0,0,0,0,0,0
1510,6,1,1,1,1,0,0,0,0,0,1
1511,6,0,0,0,0,0,0,1,0,1,0
1512,2,1,0,0,0,0,0,1,0,1,1
1513,5,0,0,1,0,0,0,1,1,0,1
1514,6,1,1,1,1,0,0,1,0,0,0
1515,6,0,1,1,0,0,0,0,1,1,1
1516,4,0,1,1,0,0,0,1,0,0,0
1517,7,0,0,0,1,1,1,0,0,1,1
1518,1,1,0,1,0,0,1,0,1,1,1
1519,4,1,1,0,0,1,0,0,1,1,1
1520,1,1,0,0,0,1,0,1,1,1,0
1521,6,1,0,1,0,0,0,1,1,0,0
1522,3,1,1,0,0,1,0,1,0,0,0
1523,3,1,0,1,0,0,1,1,0,1,0
1524,7,1,1,1,0,0,1,1,0,1,0
1525,3,1,0,0,1,0,0,1,0,0,1
1526,2,1,1,0,1,0,0,0,1,0,1
1527,3,1,1,0,0,0,0,1,0,0,0
1528,7,1,0,1,0,0,0,0,0,0,0
1529,4,0,0,1,0,1,0,1,1,1,1
1530,2,0,0,0,0,0,0,1,1,0,1
1531,5,0,0,0,0,0,1,1,0,0,0
1532,6,1,0,1,0,0,1,0,0,0,0
1533,6,1,0,0,0,0,1,1,0,0,1
1534,4,1,1,1,1,1,0,0,0,1,1
1535,1,1,0,0,0,0,0,1,1,1,1
1536,2,0,1,0,0,0,1,0,0,0,0
1537,7,0,0,0,1,0,0,1,1,0,0
1538,5,0,1,0,0,0,0,1,1,0,1
1539,2,1,0,0,1,0,0,1,0,0,1
1540,2,1,0,0,0,0,0,1,1,0,0
1541,3,0,0,0,1,1,0,1,1,1,0
1542,6,1,0,0,0,0,1,0,0,0,0
1543,1,0,0,1,1,0,0,1,1,1,1
1544,4,1,1,0,0,1,0,1,0,0,1
1545,2,0,0,1,0,1,0,0,1,0,0
1546,7,1,0,1,1,0,0,1,1,1,0
1547,4,1,0,0,0,1,0,1,0,1,0
1548,7,0,1,1,0,0,0,0,1,1,1
1549,7,1,0,1,0,0,0,1,1,0,0
1550,7,1,1,0,0,0,0,1,0,0,0
1551,6,0,0,0,0,0,0,0,0,1,0
1552,1,1,1,0,0,1,1,0,0,1,0
1553,4,1,0,0,1,0,1,1,1,1,1
1554,7,0,1,0,0,0,1,1,1,1,1
1555,6,1,1,0,1,0,0,0,1,1,1
1556,1,1,0,1,0,0,0,1,1,1,0
1557,3,1,0,1,0,0,0,0,0,1,0
1558,3,0,0,0,0,1,0,0,0,0,0
1559,5,1,0,0,0,0,0,1,0,1,1
1560,1,1,0,0,1,0,1,1,0,0,1
1561,7,1,0,0,1,0,0,0,1,1,1
1562,5,1,0,0,0,1,0,0,0,0,1
1563,4,0,1,0,0,0,0,0,0,0,0
1564,3,1,0,0,0,0,0,0,1,1,0
1565,6,0,0,0,1,0,0,0,1,0,0
1566,3,1,0,0,1,0,0,1,0,1,0
1567,2,0,0,1,1,0,0,1,1,1,1
1568,5,1,0,0,0,0,0,1,1,0,1
1569,3,1,0,0,0,0,0,0,0,0,1
1570,6,1,1,1,0,0,0,1,0,0,1
1571,3,1,1,1,0,0,0,0,1,1,1
1572,1,1,0,0,0,0,0,0,1,0,1
1573,3,1,0,0,0,0,0,0,0,1,0
1574,1,0,0,0,1,0,0,1,0,1,0
1575,1,1,1,0,0,0,0,1,0,1,1
1576,7,1,0,0,0,0,0,0,0,0,1
1577,5,0,0,0,0,0,1,1,0,1,1
1578,2,1,0,1,0,0,0,1,1,0,1
1579,2,1,1,0,0,0,0,0,0,1,0
1580,6,1,0,0,0,0,0,1,1,1,1
1581,7,0,1,1,0,1,0,1,1,0,0
1582,7,1,0,0,0,0,0,1,1,0,1
1583,7,1,1,0,0,0,0,0,1,0,0
1584,3,1,0,0,0,0,1,1,1,0,0
1585,7,0,1,0,0,0,0,0,0,0,1
1586,3,0,0,0,0,0,0,1,1,0,1
1587,3,1,0,0,0,0,0,0,1,1,0
1588,3,1,0,1,0,0,0,1,1,1,1
1589,1,0,0,0,1,0,1,0,0,1,0
1590,1,1,1,0,0,0,0,1,1,1,0
1591,4,1,0,0,1,0,1,1,1,1,1
1592,3,1,0,0,1,0,0,0,0,1,0
1593,6,1,0,1,1,1,0,1,0,1,1
1594,5,1,1,0,0,0,1,1,0,1,0
1595,3,1,0,0,1,0,0,1,0,0,0
1596,7,0,0,0,0,0,0,1,0,1,1
1597,3,0,1,0,0,0,1,0,0,0,0
1598,7,1,1,0,0,0,1,0,1,1,0
1599,6,1,0,1,0,0,0,1,1,1,1
1600,3,1,0,0,1,0,0,1,1,0,0
1601,3,1,0,1,0,0,0,0,0,1,0
1602,7,1,0,0,0,1,0,1,0,0,1
1603,7,0,0,0,0,0,0,1,0,1,1
1604,5,0,0,0,1,0,0,0,1,0,1
1605,2,0,1,0,0,0,0,0,1,1,1
1606,5,1,0,1,0,0,1,0,1,0,1
1607,4,0,1,0,0,1,0,1,0,1,1
1608,3,1,0,0,0,0,0,1,0,1,0
1609,6,1,0,0,0,0,0,0,1,0,1
1610,2,1,0,0,1,0,0,1,1,0,1
1611,3,1,0,1,0,0,0,1,1,0,1
1612,5,0,1,0,0,0,0,1,1,1,0
1613,4,0,0,0,1,0,0,1,1,0,1
1614,1,1,0,0,0,0,0,0,1,1,0
1615,1,0,0,0,0,0,0,0,1,1,0
1616,3,0,0,1,1,0,1,0,1,0,0
1617,6,1,0,0,0,0,0,0,1,1,1
1618,2,1,1,0,0,0,0,0,1,1,0
1619,4,0,1,1,0,0,1,1,0,1,1
1620,6,1,0,1,0,0,1,1,0,1,1
1621,7,0,0,1,0,1,0,0,1,0,0
1622,5,1,1,0,0,0,0,0,0,0,1
1623,7,1,0,0,0,0,0,0,0,0,1
1624,1,0,0,0,1,0,1,1,0,1,0
1625,4,1,0,1,1,0,0,1,1,0,1
1626,4,1,1,0,0,1,0,1,1,1,0
1627,5,0,0,0,1,0,1,1,1,1,0
1628,7,1,0,0,0,1,1,1,0,1,1
1629,7,0,0,1,0,0,0,1,0,1,1
1630,1,0,0,1,0,0,1,1,1,1,0
1631,4,1,0,1,0,0,0,1,0,1,0
1632,2,1,0,0,0,0,0,1,1,0,1
1633,6,1,0,0,0,0,0,1,1,0,1
1634,3,0,0,1,0,0,1,1,0,0,0
1635,1,1,0,1,0,0,1,0,0,1,1
1636,2,0,0,1,1,0,0,0,0,1,0
1637,5,0,0,0,0,0,0,0,1,0,1
1638,7,0,0,0,0,0,1,0,0,1,1
1639,6,1,0,0,0,0,0,1,0,1,1
1640,5,1,0,0,0,0,0,0,1,1,1
1641,4,1,0,0,0,0,1,1,0,0,0
1642,6,1,1,0,0,1,0,1,1,1,1
1643,6,1,0,0,1,0,0,1,1,0,0
1644,3,1,0,0,0,0,0,0,0,0,1
1645,2,0,1,0,0,0,0,0,1,1,0
1646,2,1,0,0,0,0,0,0,1,1,1
1647,2,0,0,1,0,0,0,1,1,0,0
1648,5,1,0,1,0,1,0,1,1,1,0
1649,3,1,0,0,0,0,1,1,1,0,1
1650,6,1,0,0,0,0,0,0,1,1,1
1651,6,0,0,0,1,1,0,1,1,1,1
1652,1,0,0,1,0,0,0,1,1,0,0
1653,4,1,1,1,0,1,1,0,1,1,1
1654,3,0,0,0,1,0,1,0,1,0,0
1655,4,0,0,1,1,1,0,1,0,0,1
1656,5,1,1,1,1,0,0,1,1,0,1
1657,7,1,0,1,0,0,0,0,1,1,0
1658,2,0,0,0,0,0,0,1,1,0,0
1659,7,0,1,0,0,0,0,0,1,0,1
1660,2,1,0,1,0,0,0,0,1,1,0
1661,3,1,1,0,1,0,0,0,1,0,1
1662,4,1,0,0,0,0,0,0,1,1,0
1663,6,1,0,0,0,0,0,1,0,0,1
1664,6,0,0,0,0,0,1,1,1,0,0
1665,4,0,1,1,0,0,1,0,0,1,0
1666,5,0,0,1,0,0,1,1,0,0,1
1667,7,1,0,0,0,0,1,1,0,1,1
1668,1,0,0,0,0,0,0,0,0,0,0
1669,3,1,0,0,0,0,1,1,0,1,0
1670,4,0,1,1,0,0,0,0,1,0,0
1671,1,0,1,0,0,1,0,1,1,1,1
1672,1,1,0,1,0,1,0,1,1,0,0
1673,6,0,0,0,0,0,0,0,0,1,1
1674,7,1,1,0,0,0,0,1,0,0,1
1675,3,1,0,1,1,0,0,1,0,1,1
1676,1,1,1,0,0,0,0,0,1,1,1
1677,3,1,0,1,0,0,0,1,1,0,0
1678,3,0,0,0,1,0,0,0,0,0,0
1679,5,0,0,0,0,0,0,1,1,0,0
1680,2,1,0,0,0,0,0,0,0,1,0
1681,3,0,0,0,0,1,0,0,1,0,1
1682,3,1,1,1,0,0,0,0,1,0,0
1683,4,1,1,0,1,1,1,1,0,1,1
1684,6,0,0,0,1,0,0,0,0,1,0
1685,5,1,1,0,0,0,0,1,0,0,1
1686,3,1,0,0,1,0,0,1,0,0,1
1687,2,0,0,0,0,0,0,0,0,0,0
1688,4,1,0,0,0,0,0,0,1,1,0
1689,6,0,0,1,0,0,0,1,1,0,1
1690,6,1,0,0,0,1,0,1,1,1,1
1691,7,0,0,0,0,0,0,0,1,0,0
1692,6,1,0,0,0,0,0,0,1,1,1
1693,3,1,0,1,0,0,0,1,1,1,1
1694,7,0,0,0,1,0,1,1,1,0,0
1695,7,0,0,1,1,0,1,0,1,0,0
1696,4,1,1,0,0,0,1,0,1,1,1
1697,4,1,1,1,1,0,0,1,1,1,1
1698,7,1,0,0,1,1,1,0,0,0,0
1699,1,0,0,0,0,0,0,0,0,0,1
1700,4,0,1,0,1,0,1,1,1,0,0
1701,6,1,0,0,1,0,0,1,0,0,1
1702,7,1,0,1,1,0,0,0,0,1,1
1703,2,1,0,0,0,0,0,0,1,1,1
1704,7,0,0,0,0,0,0,1,1,0,0
1705,6,0,1,1,0,0,0,0,0,1,1
1706,6,1,1,0,0,0,1,1,0,0,0
1707,5,1,0,0,1,0,0,0,1,1,0
1708,2,1,1,0,0,0,0,0,0,1,1
1709,2,1,1,0,0,0,0,1,1,0,1
1710,3,0,0,0,1,0,1,1,1,0,0
1711,7,1,0,0,0,0,1,1,1,1,0
1712,7,0,0,0,0,0,0,1,0,0,0
1713,7,1,0,1,0,1,0,1,0,1,1
1714,2,1,0,0,0,0,0,1,0,0,1
1715,7,0,0,0,0,0,0,1,0,1,0
1716,5,1,0,0,1,0,0,0,0,0,1
1717,2,1,0,1,0,0,0,1,1,1,1
1718,7,1,0,0,0,1,0,1,0,1,0
1719,5,0,0,0,0,0,0,0,0,1,0
1720,1,0,0,0,1,1,1,1,1,1,0
1721,5,1,0,0,0,0,0,1,0,0,0
1722,5,0,1,1,1,0,1,0,0,0,1
1723,1,1,1,0,0,1,0,0,1,1,0
1724,4,1,1,1,0,1,0,1,1,0,0
1725,2,1,0,1,0,0,1,0,0,0,1
1726,2,0,1,1,1,0,0,1,0,0,0
1727,3,1,0,0,0,1,0,1,0,0,0
1728,1,1,0,0,0,0,0,1,0,0,1
1729,2,0,0,0,0,0,1,0,0,1,1
1730,1,1,0,0,0,1,0,1,0,0,1
1731,1,1,0,0,0,0,0,1,0,0,0
1732,7,0,0,0,0,0,0,1,1,1,0
1733,6,0,0,0,1,0,0,0,0,1,1
1734,1,0,1,0,1,1,0,0,1,1,1
1735,7,1,1,0,0,0,0,0,1,1,1
1736,5,1,0,1,0,0,0,1,1,1,0
1737,5,1,1,0,0,1,0,1,0,0,0
1738,1,0,0,0,0,0,0,0,0,1,0
1739,1,0,0,1,0,0,1,1,1,0,1
1740,3,1,1,1,1,0,0,0,0,0,0
1741,7,0,0,1,0,0,1,1,1,1,0
1742,5,0,0,1,1,0,1,1,0,1,1
1743,4,1,0,1,0,0,0,0,1,1,0
1744,6,1,0,1,0,1,0,0,0,1,0
1745,3,1,0,1,0,0,0,1,0,0,1
1746,7,1,0,0,1,0,0,1,1,1,1
1747,5,1,0,1,1,1,1,0,0,1,1
1748,6,1,0,0,0,0,0,1,0,1,0
1749,2,1,0,0,1,0,0,0,0,0,0
1750,5,1,0,1,0,0,0,1,1,1,1
1751,7,0,1,1,1,0,0,1,0,0,0
1752,2,1,0,0,1,0,1,1,0,1,1
1753,2,1,1,1,0,0,0,1,1,0,0
1754,1,1,1,0,1,0,0,0,1,0,0
1755,2,1,1,0,0,0,0,0,0,0,0
1756,5,0,0,0,0,1,0,0,1,1,0
1757,6,1,0,0,0,0,0,1,0,1,1
1758,3,0,0,1,0,0,0,0,0,1,0
1759,1,1,0,0,0,0,0,0,0,0,1
1760,6,0,1,0,0,0,0,0,0,1,1
1761,3,1,1,1,1,0,0,1,0,0,0
1762,5,1,0,0,0,0,0,0,0,0,0
1763,4,0,1,0,0,1,0,1,1,0,1
1764,2,1,0,0,0,0,1,0,1,1,1
1765,7,1,0,0,0,0,0,0,1,1,0
1766,3,1,0,0,0,0,1,1,0,0,0
1767,6,1,0,0,0,0,0,1,0,0,1
1768,3,0,0,0,0,0,0,1,0,0,1
1769,1,1,0,0,0,0,0,1,1,1,0
1770,2,1,1,0,0,1,0,0,0,0,0
1771,6,1,1,0,0,1,1,1,1,0,0
1772,1,0,0,0,0,0,1,0,0,0,0
1773,3,0,0,0,1,0,0,1,0,1,0
1774,3,1,1,1,0,0,1,0,1,1,1
1775,6,0,0,1,0,0,0,0,0,1,0
1776,5,1,0,0,0,0,0,1,0,0,1
1777,5,1,0,0,0,1,0,1,0,1,1
1778,3,0,0,1,0,0,0,1,0,1,1
1779,2,0,0,0,1,0,1,0,0,1,1
1780,4,0,1,0,1,0,1,0,1,0,0
1781,3,0,0,0,1,1,0,0,0,1,1
1782,1,1,0,1,1,0,0,0,0,0,1
1783,7,1,1,0,1,0,0,0,1,0,0
1784,6,1,0,1,1,0,0,1,0,0,0
1785,7,1,0,1,0,0,0,0,1,1,0
1786,4,1,0,0,0,0,0,1,0,1,1
1787,2,0,1,0,1,0,0,1,1,1,0
1788,4,1,1,0,1,0,1,0,1,1,1
1789,5,1,0,1,1,0,0,1,1,1,0
1790,5,1,1,0,0,0,0,1,0,1,0
1791,7,1,0,0,1,0,0,0,0,1,0
1792,6,1,0,0,1,0,0,0,1,1,0
1793,6,0,1,0,1,0,0,0,0,1,1
1794,3,1,0,1,1,0,0,0,1,1,0
1795,2,0,0,1,0,0,1,0,1,1,0
1796,3,1,0,0,0,0,1,0,1,0,1
1797,5,1,0,0,0,0,1,1,0,1,0
1798,4,1,1,1,1,0,1,0,0,0,0
1799,5,1,1,0,1,0,1,1,0,0,0
1800,7,1,0,0,0,0,1,1,0,0,1
1801,2,0,1,0,0,0,0,1,0,0,1
1802,7,1,0,0,0,0,0,0,1,1,0
1803,5,0,0,1,0,0,0,1,0,1,0
1804,1,0,0,0,0,0,0,0,0,1,0
1805,6,1,0,0,1,0,0,1,1,1,1
1806,6,0,0,0,1,0,0,1,0,1,1
1807,4,1,0,0,0,0,0,0,1,1,0
1808,3,0,1,0,1,0,0,1,1,0,1
1809,5,0,0,0,0,0,0,1,1,1,1
1810,2,1,0,0,1,0,0,0,1,1,1
1811,3,0,0,1,0,0,0,1,0,0,0
1812,3,1,0,0,0,0,0,0,0,0,0
1813,2,1,0,1,0,0,0,0,1,1,0
1814,5,0,0,1,0,0,0,0,0,1,1
1815,2,1,0,0,1,0,1,1,0,0,0
1816,7,1,0,0,1,1,1,0,1,0,0
1817,6,0,0,1,0,0,0,1,0,0,1
1818,4,1,0,0,0,0,1,0,1,1,1
1819,2,1,0,0,1,0,1,1,0,0,1
1820,2,1,1,0,0,0,0,0,0,0,1
1821,2,0,0,1,0,0,1,0,0,0,1
1822,2,1,0,0,0,0,1,0,1,1,1
1823,6,0,0,0,1,0,0,0,0,0,1
1824,5,1,0,0,1,0,0,0,0,0,0
1825,5,0,0,1,0,0,0,1,0,0,0
1826,5,1,0,0,0,0,0,0,0,1,0
1827,1,1,0,0,0,0,0,0,1,0,0
1828,7,1,0,0,1,0,0,0,1,1,0
1829,3,1,1,0,1,0,1,0,0,0,1
1830,6,0,0,0,0,1,0,1,1,1,1
1831,3,0,0,0,0,0,1,1,1,0,1
1832,1,1,0,1,0,0,0,1,0,0,0
1833,3,1,0,1,1,0,1,1,1,1,0
1834,2,0,1,0,1,0,0,1,1,1,1
1835,1,0,0,0,1,0,0,1,0,1,1
1836,5,1,0,0,0,0,0,0,0,0,0
1837,3,0,0,0,0,1,0,0,1,1,0
1838,2,1,0,0,0,0,0,1,1,1,0
1839,4,0,1,1,0,0,0,0,0,0,0
1840,6,1,1,0,0,0,0,1,0,1,1
1841,1,0,1,1,0,1,0,1,1,0,0
1842,7,1,0,0,0,0,0,0,1,0,1
1843,5,0,0,1,0,1,0,0,1,1,1
1844,4,0,1,0,0,0,1,0,0,1,0
1845,4,1,1,1,1,1,0,0,1,0,0
1846,2,1,0,0,0,0,0,1,1,1,0
1847,7,0,1,0,0,0,0,1,1,0,0
1848,2,1,0,0,0,0,0,1,0,1,1
1849,6,1,0,0,0,0,0,1,0,1,0
1850,4,1,0,0,0,1,1,1,0,0,0
1851,5,1,1,0,0,0,0,1,0,0,1
1852,6,0,0,0,1,0,0,1,1,0,1
1853,7,0,0,0,1,0,0,0,1,0,1
1854,2,1,1,0,0,0,0,0,0,0,0
1855,6,0,0,1,0,0,0,1,1,1,0
1856,5,1,0,1,0,0,0,1,1,1,1
1857,3,0,0,0,0,0,0,1,1,0,1
1858,3,1,1,0,1,1,0,1,1,0,1
1859,4,1,1,1,0,1,1,0,1,0,1
1860,1,0,1,0,1,0,1,1,0,0,0
1861,3,1,0,1,0,0,0,1,0,0,0
1862,5,1,0,0,1,1,1,1,1,0,0
1863,4,1,1,1,0,1,1,1,0,1,0
1864,1,0,1,0,0,0,1,1,0,0,1
1865,6,1,1,1,0,0,1,0,1,1,0
1866,4,1,1,0,1,0,0,0,0,1,0
1867,1,1,0,0,1,0,1,1,0,1,0
1868,7,1,0,1,0,1,0,0,0,0,1
1869,5,1,0,1,0,0,0,1,0,1,1
1870,2,0,0,0,0,0,1,0,1,1,1
1871,7,1,1,0,0,0,0,1,1,0,0
1872,4,1,1,0,0,1,1,1,1,1,0
1873,2,1,0,0,0,1,0,0,0,1,1
1874,5,0,0,0,0,0,0,1,0,0,0
1875,3,0,0,0,0,0,0,1,0,1,0
1876,5,1,0,0,0,0,0,0,0,0,1
1877,1,1,0,0,0,0,0,0,0,1,0
1878,6,1,0,0,0,0,0,1,1,1,0
1879,1,1,1,1,1,1,0,0,1,1,1
1880,2,1,0,0,0,0,0,1,0,1,0
1881,7,1,0,1,0,0,0,1,1,1,0
1882,2,1,0,0,0,1,0,0,1,1,1
1883,1,1,1,0,1,0,0,1,1,1,1
1884,6,0,0,0,1,0,0,1,1,1,1
1885,2,0,1,0,1,1,0,1,0,0,1
1886,2,1,1,0,0,0,0,0,1,0,1
1887,1,1,1,0,0,0,0,0,0,1,1
1888,4,0,1,0,0,1,0,1,1,1,0
1889,1,0,1,1,0,0,0,0,1,0,1
1890,2,0,0,0,0,0,0,0,0,0,0
1891,4,1,1,0,1,0,0,0,0,1,1
1892,2,1,0,0,0,0,1,1,1,0,0
1893,7,0,1,1,1,0,1,1,0,0,1
1894,6,0,0,1,0,0,0,1,0,1,0
1895,4,1,0,0,0,0,0,1,1,1,0
1896,6,1,0,0,1,1,0,0,0,0,0
1897,4,0,0,0,0,1,0,1,0,0,1
1898,6,0,0,0,0,1,1,0,1,0,0
1899,3,1,0,1,0,0,0,0,1,0,0
1900,6,1,1,0,1,0,0,1,0,0,0
1901,3,1,0,0,0,0,0,0,0,0,0
1902,3,0,0,0,0,0,1,0,0,0,0
1903,3,1,0,1,1,0,0,0,0,0,1
1904,6,1,0,1,1,0,0,1,1,0,1
1905,2,0,0,0,0,0,0,1,1,1,1
1906,3,0,0,0,0,0,0,0,1,0,0
1907,3,0,0,1,1,0,0,1,0,0,1
1908,2,1,0,0,0,0,0,0,1,0,1
1909,1,0,1,0,0,1,1,1,1,1,0
1910,1,0,0,0,0,0,0,1,0,0,0
1911,5,1,0,0,0,1,0,1,1,1,0
1912,5,0,0,0,1,0,0,1,1,1,0
1913,3,1,0,0,0,0,0,0,0,0,0
1914,4,1,1,1,0,1,0,0,0,1,0
1915,7,0,1,0,1,0,0,0,1,0,1
1916,4,0,1,1,1,1,0,0,0,0,1
1917,1,1,0,1,1,0,0,1,0,1,1
1918,1,1,0,1,0,0,0,1,0,1,0
1919,1,1,0,0,1,0,0,0,1,0,1
1920,6,1,0,0,0,0,0,0,1,0,1
1921,4,1,0,0,0,1,0,1,1,1,1
1922,6,1,0,0,1,0,0,1,0,0,1
1923,1,0,0,0,0,0,0,1,1,0,0
1924,2,1,1,0,1,0,0,0,0,1,1
1925,6,1,0,0,0,0,0,0,1,1,0
1926,5,1,1,0,0,0,0,0,1,1,1
1927,4,0,1,1,0,1,0,1,1,1,0
1928,6,0,0,0,0,0,0,1,1,0,0
1929,7,1,0,0,1,0,0,1,1,1,0
1930,2,1,0,0,1,1,1,0,0,1,1
1931,5,1,0,1,0,0,0,0,1,0,1
1932,3,1,0,0,0,1,0,1,1,0,0
1933,7,0,0,0,0,1,0,0,1,0,0
1934,3,1,0,0,0,0,0,0,0,0,1
1935,6,1,0,0,0,0,0,1,1,0,1
1936,5,1,0,0,1,0,0,1,1,0,0
1937,2,1,0,0,0,0,0,1,0,1,1
1938,5,1,0,0,0,0,0,0,1,0,1
1939,7,0,0,0,1,0,0,1,0,1,0
1940,6,0,0,0,0,0,0,1,0,1,0
1941,7,0,1,0,0,0,0,1,0,1,1
1942,7,1,0,1,0,1,0,1,1,1,1
1943,7,0,0,0,0,0,0,0,0,1,0
1944,6,1,0,0,1,0,0,0,1,1,1
1945,1,1,0,0,0,0,0,1,0,1,1
1946,7,1,1,0,0,0,0,1,1,0,0
1947,6,1,0,0,1,0,0,1,0,0,0
1948,6,1,0,0,0,0,1,0,1,1,0
1949,2,1,0,0,1,0,0,1,1,0,1
1950,3,1,0,1,0,0,0,1,1,0,0
1951,4,1,1,0,0,1,0,0,1,0,1
1952,7,1,1,0,0,1,0,1,1,1,0
1953,4,1,0,0,0,0,1,0,0,0,1
1954,4,1,0,1,0,1,0,0,1,0,0
1955,7,0,0,0,1,0,1,0,0,0,1
1956,5,0,0,0,0,0,0,1,1,1,0
1957,5,1,0,1,0,0,1,0,1,0,0
1958,1,1,0,0,1,0,0,1,1,1,1
1959,1,1,0,1,1,0,1,0,0,0,1
1960,2,0,0,0,1,0,0,0,1,1,1
1961,6,1,0,1,0,0,0,0,0,1,1
1962,4,0,0,1,0,0,1,1,0,1,1
1963,6,0,0,0,0,0,1,1,0,0,1
1964,5,1,0,0,0,0,0,0,1,0,0
1965,5,1,1,0,0,0,1,0,1,1,1
1966,5,0,0,1,0,0,0,1,0,1,1
1967,6,1,0,0,0,0,0,1,0,0,0
1968,4,1,1,0,0,0,0,0,1,1,0
1969,2,0,1,1,1,0,0,0,0,1,0
1970,7,1,0,0,1,0,0,1,0,1,0
1971,5,0,0,0,0,0,0,1,0,0,1
1972,3,0,0,0,0,0,0,1,1,0,1
1973,3,0,0,0,1,0,1,1,0,1,1
1974,5,0,0,0,0,0,0,1,1,1,1
1975,3,0,0,0,0,0,0,0,0,0,1
1976,6,1,0,0,0,0,0,0,1,0,0
1977,1,1,0,1,0,0,0,1,1,0,0
1978,1,0,0,1,0,0,0,0,0,0,1
1979,4,0,0,0,0,1,1,1,1,0,1
1980,1,1,0,1,0,0,0,0,1,0,1
1981,5,1,0,1,0,0,1,0,1,1,1
1982,3,1,0,0,0,0,0,1,1,1,0
1983,6,0,0,1,0,0,0,0,1,1,1
1984,3,0,0,0,0,1,1,0,0,0,0
1985,1,1,0,0,1,1,0,1,0,1,0
1986,6,1,0,1,1,1,0,1,0,0,1
1987,6,0,0,1,0,0,0,1,1,1,0
1988,3,1,0,0,1,0,0,0,1,0,0
1989,7,1,0,0,0,1,0,1,0,0,0
1990,5,0,0,1,0,0,1,0,0,1,1
1991,4,1,1,1,0,0,1,1,1,0,1
1992,3,1,0,0,0,0,0,0,1,0,1
1993,3,1,0,0,0,1,0,1,0,1,1
1994,1,1,1,0,0,1,0,0,0,0,1
1995,6,1,0,0,1,0,0,0,1,1,0
1996,4,1,1,1,0,0,0,1,0,1,1
1997,6,1,0,1,0,0,1,0,0,1,1
1998,7,0,0,0,0,0,0,1,0,0,0
1999,4,1,0,0,1,1,1,0,1,1,0
2000,5,1,0,0,0,0,0,1,0,0,1
2001,5,0,0,1,0,0,0,1,0,0,0
2002,1,1,1,1,1,1,1,1,1,1,1
2003,2,1,1,1,0,0,0,0,1,1,0
2004,1,1,0,0,0,0,0,0,0,0,0
2005,6,0,0,0,0,0,1,1,1,0,0
2006,1,1,0,1,0,0,1,1,0,1,0
2007,4,1,1,0,0,0,0,0,0,0,0
2008,6,1,0,0,0,0,0,0,1,0,1
2009,3,0,1,1,0,1,0,0,0,1,1
2010,5,1,0,0,1,0,0,1,0,1,0
2011,1,1,0,0,1,1,1,1,0,1,0
2012,1,1,1,1,1,0,0,1,1,0,0
2013,7,1,1,0,0,0,0,0,0,0,0
2014,3,0,0,0,0,1,0,0,1,1,1
2015,3,0,0,0,0,0,0,0,1,1,1
2016,6,1,0,0,0,0,0,0,1,1,0
2017,2,1,0,0,1,0,0,1,0,0,1
2018,1,1,1,1,0,0,0,1,0,1,1
2019,5,0,0,0,0,0,0,1,0,1,1
2020,4,1,1,0,0,1,0,0,1,0,0
2021,3,1,0,0,0,0,0,1,0,1,1
2022,1,1,0,0,1,0,0,1,1,1,1
2023,2,1,1,1,0,0,0,0,0,1,0
2024,3,1,0,0,0,0,0,0,1,0,1
2025,7,0,0,0,0,0,0,0,0,0,0
2026,2,1,1,0,0,0,0,1,0,1,0
2027,7,1,0,1,0,0,0,0,0,0,1
2028,2,0,0,0,0,0,0,0,1,1,1
2029,4,0,1,0,0,1,0,0,0,1,0
2030,1,1,1,0,0,1,1,0,0,1,1
2031,6,1,0,0,0,0,1,0,1,0,0
2032,6,0,1,0,1,1,0,1,0,1,0
2033,5,1,1,0,0,0,0,0,1,1,0
2034,6,0,0,0,0,0,0,1,1,0,0
2035,3,1,0,1,1,0,1,0,1,0,0
2036,5,1,0,0,0,1,1,1,0,1,1
2037,6,1,0,0,1,0,0,0,0,1,1
2038,7,0,0,0,1,0,0,1,1,0,0
2039,5,1,0,0,0,0,1,0,1,0,0
2040,3,1,0,0,0,1,0,1,0,0,1
2041,4,1,1,1,0,1,0,1,0,0,0
2042,5,1,0,1,1,1,1,1,1,1,1
2043,3,0,0,0,0,1,1,0,0,0,1
2044,7,1,0,0,0,0,0,0,1,1,0
2045,6,0,0,1,0,0,0,0,0,1,0
2046,3,1,0,0,0,0,0,0,1,0,0
2047,5,1,0,1,0,0,1,0,1,1,1
2048,7,1,0,1,0,0,1,0,0,1,1
2049,1,1,0,1,0,0,0,0,0,0,1
2050,6,1,0,1,1,0,1,1,0,0,1
2051,4,0,1,0,0,0,1,1,1,0,0
2052,1,1,0,0,1,0,0,0,1,1,0
2053,2,0,0,0,0,0,0,0,1,1,1
2054,3,1,1,0,0,0,0,0,0,1,1
2055,4,1,0,0,1,0,1,0,1,1,0
2056,1,1,0,1,1,0,0,0,1,0,0
2057,1,0,0,0,1,0,0,1,0,1,0
2058,4,1,0,0,1,0,0,1,1,0,1
2059,5,1,1,1,0,0,0,0,0,1,0
2060,7,0,0,0,0,0,1,1,0,1,0
2061,1,0,1,1,0,1,0,1,1,0,0
2062,1,1,0,1,0,1,1,1,1,1,1
2063,7,1,0,0,1,0,0,1,1,1,0
2064,1,1,0,0,1,1,0,1,1,0,0
2065,4,1,0,0,0,1,1,1,1,0,1
2066,2,1,0,0,0,0,1,1,1,1,0
2067,5,0,0,1,0,0,0,1,0,0,0
2068,1,0,0,0,0,0,0,1,1,1,1
2069,1,0,0,0,1,0,0,1,0,0,0
2070,2,0,0,1,0,0,0,0,1,0,0
2071,7,1,0,0,0,0,0,0,1,1,1
2072,2,1,1,0,0,1,0,0,0,1,1
2073,5,0,1,1,1,0,1,0,0,1,1
2074,1,0,0,0,0,1,0,0,1,0,1
2075,1,1,0,0,1,0,1,0,1,1,1
2076,2,1,0,0,0,1,0,0,1,1,0
2077,6,0,1,0,1,0,0,0,1,1,0
2078,7,1,0,0,0,0,0,0,0,0,1
2079,4,0,1,1,1,1,0,0,1,1,1
2080,1,0,0,0,0,0,0,1,0,0,0
2081,4,1,0,1,0,1,0,1,0,0,0
2082,6,0,0,0,0,0,1,0,1,1,1
2083,4,1,1,0,0,0,0,1,0,0,1
2084,3,0,1,1,0,0,1,1,1,0,1
2085,5,0,0,0,0,0,0,1,1,0,0
2086,3,1,0,0,1,0,0,0,0,0,1
2087,6,1,0,0,0,0,0,1,0,0,1
2088,4,0,1,0,1,1,0,0,0,1,0
2089,2,1,0,0,0,0,1,1,0,1,0
2090,4,1,0,0,1,0,1,0,0,0,1
2091,1,1,0,0,1,0,0,1,0,1,1
2092,6,1,0,0,0,0,0,0,1,0,1
2093,4,0,0,0,0,1,0,1,1,0,0
2094,7,1,0,1,0,0,1,0,0,1,1
2095,5,0,0,0,0,0,0,1,1,1,0
2096,5,1,0,0,0,0,1,0,1,0,1
2097,5,0,0,0,0,1,1,0,1,0,0
2098,7,0,1,1,0,0,0,1,1,1,1
2099,1,0,0,0,0,0,0,1,1,1,1
2100,7,0,0,1,0,0,0,1,1,1,0
2101,3,1,1,0,0,1,0,0,1,1,1
2102,4,1,1,0,0,0,0,1,1,0,0
2103,6,0,0,1,1,1,0,0,0,0,0
2104,1,1,1,0,1,1,0,0,0,1,1
2105,2,0,0,0,0,1,0,0,0,0,1
2106,2,1,0,0,0,0,0,1,0,0,0
2107,5,1,0,1,1,1,0,1,0,1,0
2108,4,1,1,1,0,0,0,1,0,1,1
2109,7,1,0,0,0,0,1,0,0,1,1
2110,6,1,0,0,0,0,0,1,0,0,1
2111,5,0,1,0,0,0,0,1,1,1,0
2112,1,1,0,0,0,0,1,1,0,0,1
2113,5,1,0,0,0,0,0,1,0,0,0
2114,6,1,0,1,0,0,0,1,1,0,0
2115,2,0,0,0,0,1,0,0,0,0,0
2116,6,0,0,0,0,0,0,1,0,0,0
2117,5,1,0,0,0,0,0,0,0,1,1
2118,3,0,0,0,0,0,0,0,1,0,0
2119,7,1,0,0,0,1,0,1,0,1,1
2120,6,1,0,0,0,0,1,0,1,1,1
2121,1,1,1,0,1,0,0,1,1,0,1
2122,4,1,0,0,0,1,0,0,1,0,0
2123,3,1,0,0,0,0,0,1,1,1,0
2124,5,1,0,0,0,1,0,0,0,1,0
2125,4,1,1,0,0,0,0,0,1,0,0
2126,5,0,0,0,0,0,0,0,1,1,1
2127,2,1,1,0,0,0,0,1,1,0,1
2128,1,1,1,1,0,0,0,0,1,1,0
2129,6,1,0,1,0,0,1,1,0,1,0
2130,5,1,1,1,1,1,1,1,0,0,1
2131,4,0,0,0,0,0,0,1,1,1,0
2132,4,1,0,0,0,0,0,0,0,1,1
2133,6,0,0,0,1,0,0,1,1,0,1
2134,6,1,0,0,0,0,0,0,1,1,0
2135,5,1,0,0,0,0,0,1,1,0,0
2136,6,0,0,1,1,1,1,1,1,1,0
2137,5,0,0,0,1,1,1,0,0,1,1
2138,7,0,1,0,0,0,0,1,0,1,1
2139,4,1,1,0,1,1,0,0,1,0,1
2140,2,1,0,0,0,0,1,1,0,0,1
2141,6,1,1,1,1,0,1,1,1,1,1
2142,6,0,1,1,1,1,1,0,0,1,0
2143,4,1,1,1,0,0,0,0,0,1,1
2144,6,1,0,0,1,0,0,1,0,1,0
2145,3,1,0,1,0,0,0,1,0,1,0
2146,6,1,0,0,1,0,0,1,0,1,1
2147,7,0,0,0,0,0,0,1,0,1,1
2148,2,0,0,1,0,0,1,1,1,0,1
2149,2,0,0,0,0,0,1,0,0,0,1
2150,2,1,1,0,1,0,0,1,0,0,1
2151,6,0,0,0,0,0,0,0,1,0,1
2152,6,0,1,0,0,0,0,0,0,1,1
2153,1,0,1,0,0,0,0,0,0,1,1
2154,5,1,0,0,0,0,0,1,1,1,1
2155,6,1,0,0,0,0,0,1,1,1,0
2156,7,1,0,0,0,0,1,0,1,1,1
2157,3,1,1,0,0,0,0,0,0,0,0
2158,5,0,1,1,1,0,1,0,1,0,0
2159,5,1,0,0,1,0,0,1,1,1,0
2160,5,0,0,0,1,0,1,0,0,1,0
2161,2,1,0,1,1,1,1,1,0,0,1
2162,2,0,0,0,0,0,0,0,0,1,1
2163,6,0,0,0,0,0,1,0,1,0,1
2164,7,1,0,0,0,0,0,1,1,0,0
2165,6,1,1,0,1,0,0,1,0,0,0
2166,6,1,0,1,0,0,0,0,1,1,1
2167,6,1,0,0,0,0,0,0,1,1,0
2168,3,0,0,0,1,0,0,1,0,1,0
2169,1,1,0,0,1,1,1,1,1,0,0
2170,2,0,0,0,0,0,0,1,1,1,1
2171,5,1,0,1,1,1,0,1,1,0,0
2172,3,0,1,0,0,0,0,1,1,0,1
2173,4,0,1,0,1,0,0,0,0,1,0
2174,7,1,0,1,0,0,1,1,1,0,0
2175,2,1,0,0,0,0,0,1,1,1,1
2176,4,1,0,0,0,0,1,1,1,1,1
2177,5,1,0,1,1,0,1,1,0,0,0
2178,6,1,0,0,0,1,0,0,1,1,1
2179,2,0,0,0,1,0,0,0,0,0,0
2180,5,1,1,1,0,0,1,1,0,0,0
2181,5,0,0,0,0,0,0,0,1,1,1
2182,7,1,1,1,1,0,0,1,1,0,1
2183,2,0,0,1,0,0,0,1,0,0,0
2184,5,0,1,0,0,0,0,1,1,1,0
2185,4,0,1,0,1,1,0,1,0,0,1
2186,5,1,0,1,1,1,0,0,1,1,0
2187,2,0,0,1,1,0,0,0,0,1,0
2188,7,1,0,0,0,1,0,0,0,1,1
2189,6,0,0,1,0,0,0,0,0,1,0
2190,6,0,0,0,0,0,0,0,0,0,1
2191,5,1,0,0,0,0,0,1,1,0,1
2192,5,1,0,1,0,0,1,0,1,0,1
2193,1,1,0,0,1,0,0,0,1,1,0
2194,4,0,0,0,0,1,0,0,0,0,0
2195,3,1,1,0,0,0,0,0,0,0,0
2196,5,0,1,0,1,0,0,1,1,1,1
2197,6,1,0,0,0,0,0,1,1,1,1
2198,7,1,0,0,0,0,0,0,1,0,0
2199,4,0,1,0,1,1,1,1,1,1,0
2200,7,1,1,1,0,1,0,0,1,1,1
2201,7,1,0,0,1,1,1,0,1,0,0
2202,7,0,0,0,1,0,0,0,1,0,0
2203,1,1,1,1,0,0,1,1,1,0,0
2204,6,1,0,1,1,0,0,0,0,0,1
2205,5,0,0,1,0,0,0,1,0,1,0
2206,5,1,0,0,0,0,0,0,1,0,1
2207,4,1,1,0,0,0,0,0,0,0,1
2208,7,0,0,0,1,0,1,1,0,0,1
2209,4,0,1,0,1,1,0,1,0,1,1
2210,7,0,0,1,0,0,0,1,1,1,0
2211,6,1,0,0,1,0,0,1,0,1,0
2212,7,0,1,0,0,0,1,1,1,1,0
2213,2,1,0,0,0,0,1,1,0,1,0
2214,1,0,1,0,0,0,0,1,1,1,0
2215,5,1,0,0,0,0,1,1,0,0,0
2216,3,0,0,0,0,0,0,0,0,1,0
2217,2,0,0,0,0,0,0,0,1,1,0
2218,2,1,0,0,0,0,1,1,0,0,1
2219,7,0,0,0,0,0,0,1,0,0,1
2220,6,1,0,0,0,0,0,1,1,0,1
2221,2,0,1,0,0,0,0,1,1,1,0
2222,3,1,0,0,1,1,0,1,1,1,1
2223,3,0,1,0,0,0,1,1,1,1,0
2224,3,0,0,0,0,0,0,1,1,0,1
2225,1,1,0,0,0,0,0,1,1,1,0
2226,4,0,0,1,0,1,0,1,0,0,0
2227,4,1,0,0,0,0,1,0,1,0,0
2228,7,1,0,0,0,0,0,0,1,0,0
2229,2,1,0,1,0,0,1,1,0,1,1
2230,2,0,0,0,0,0,0,0,0,1,1
2231,7,1,1,0,0,1,1,0,0,0,1
2232,1,1,0,0,0,0,0,1,0,1,1
2233,6,0,0,0,0,0,0,0,1,0,1
2234,6,1,0,0,1,0,1,0,1,1,0
2235,6,1,0,0,0,1,1,0,0,1,0
2236,1,1,0,1,0,0,0,0,1,0,0
2237,4,1,1,0,0,0,0,1,1,1,1
2238,3,0,1,1,1,0,1,1,0,0,1
2239,2,0,1,1,0,0,0,0,1,1,0
2240,1,1,0,1,1,0,0,1,0,0,1
2241,2,1,0,0,0,0,1,1,1,0,1
2242,7,1,0,1,0,0,0,1,1,1,0
2243,1,0,0,0,0,1,0,0,0,1,0
2244,5,0,0,0,1,0,0,0,1,0,1
2245,5,1,0,0,0,0,1,0,0,0,1
2246,4,1,1,0,0,1,0,1,0,1,1
2247,7,0,0,0,0,0,1,1,1,0,0
2248,5,1,1,0,1,1,0,1,0,1,1
2249,7,0,1,0,1,0,0,0,1,0,1
2250,6,1,0,0,0,0,0,0,0,1,1
2251,1,0,1,0,1,1,0,1,0,1,1
2252,4,1,0,0,1,1,1,0,1,0,1
2253,2,0,0,0,1,0,0,0,0,1,1
2254,6,0,1,1,0,0,0,0,0,0,1
2255,1,1,0,0,1,1,0,1,1,1,0
2256,6,0,0,0,1,1,0,1,0,1,0
2257,1,1,1,0,0,0,0,0,1,1,1
2258,7,1,0,1,1,0,0,0,1,1,1
2259,3,0,0,1,0,1,0,0,0,0,1
2260,4,1,1,0,0,1,0,1,0,1,0
2261,6,0,1,1,1,0,0,0,0,1,1
2262,2,1,1,1,1,0,1,1,1,0,1
2263,4,0,0,1,1,1,1,0,1,1,0
2264,6,1,0,0,0,1,0,0,0,0,0
2265,5,1,1,0,1,0,1,0,1,1,1
2266,3,0,0,0,1,0,1,1,0,1,0
2267,5,0,1,0,0,0,1,1,0,1,1
2268,3,0,0,0,1,0,1,0,0,1,1
2269,2,1,0,1,1,0,0,0,0,1,1
2270,3,1,0,0,0,0,0,1,0,1,1
2271,2,1,0,1,0,0,1,1,1,1,1
2272,6,1,0,0,0,1,0,1,1,0,0
2273,4,1,0,1,1,0,1,1,0,0,1
2274,5,1,0,0,0,0,0,0,1,0,0
2275,6,1,0,0,1,0,0,1,1,1,1
2276,6,1,0,1,0,1,0,1,1,1,1
2277,7,1,1,0,1,0,1,1,0,1,1
2278,4,1,1,0,1,1,0,1,1,1,0
2279,7,1,0,0,0,0,1,0,1,0,1
2280,2,1,0,1,0,0,1,1,0,0,0
2281,2,0,0,0,1,0,0,0,1,1,1
2282,5,1,0,0,1,0,0,0,1,0,0
2283,6,0,0,0,1,0,0,1,1,1,0
2284,5,0,1,0,0,0,0,1,1,0,1
2285,5,1,0,0,0,0,0,0,1,1,0
2286,3,0,0,1,0,1,0,1,1,0,0
2287,1,0,0,1,0,0,0,1,0,1,0
2288,1,1,0,1,1,0,0,0,1,1,1
2289,3,1,1,0,0,0,1,0,0,1,0
2290,3,0,0,0,0,0,0,0,0,1,1
2291,4,1,1,0,1,0,1,1,0,0,1
2292,6,1,0,0,0,0,1,1,0,1,0
2293,4,1,1,0,0,1,1,0,1,1,1
2294,5,1,0,0,0,0,1,0,0,1,0
2295,2,1,0,0,0,0,0,1,0,1,0
2296,4,1,0,0,0,0,0,0,0,1,1
2297,4,1,1,1,0,1,0,0,0,0,1
2298,2,1,0,0,0,0,0,1,0,0,0
2299,1,0,0,1,0,0,1,0,0,0,1
2300,6,0,1,1,1,1,0,1,0,0,1
2301,7,1,1,1,0,0,0,0,0,0,0
2302,7,1,1,0,0,0,0,1,1,0,1
2303,1,0,1,0,1,0,0,1,1,1,0
2304,7,1,0,0,0,0,0,1,0,0,0
2305,5,1,0,1,0,0,0,1,1,0,1
2306,4,1,0,0,1,1,0,1,0,1,0
2307,4,0,0,0,1,1,0,1,1,0,0
2308,2,1,0,0,0,0,0,0,1,1,1
2309,7,1,0,0,0,0,0,0,1,1,0
2310,6,1,0,0,0,0,1,0,0,0,0
2311,5,1,0,0,1,0,0,1,1,0,0
2312,3,0,0,1,0,0,0,1,0,1,1
2313,4,0,1,1,0,0,0,1,0,0,1
2314,5,1,0,0,0,0,0,1,0,0,1
2315,5,1,0,1,0,0,0,1,1,1,0
2316,1,1,1,0,0,0,0,1,0,0,1
2317,6,1,0,0,0,0,0,1,1,0,1
2318,4,1,1,0,0,1,0,1,0,0,0
2319,7,1,0,0,1,1,0,0,0,0,0
2320,6,1,0,0,0,1,0,1,0,1,0
2321,5,0,1,0,1,0,1,0,1,0,1
2322,7,0,0,1,0,1,0,1,0,0,0
2323,4,1,0,1,0,1,1,1,1,0,0
2324,3,0,1,0,1,1,1,1,0,1,0
2325,1,1,0,0,1,1,0,0,1,0,0
2326,1,1,0,0,0,0,0,0,1,1,0
2327,4,1,1,0,0,0,0,1,1,0,0
2328,4,1,1,0,1,1,1,0,1,1,0
2329,2,1,0,0,0,0,0,0,0,0,0
2330,5,0,1,1,1,0,0,0,0,0,0
2331,7,0,0,0,0,0,0,0,0,0,0
2332,4,1,0,0,1,1,1,1,0,1,0
2333,1,1,0,1,0,0,0,0,1,0,1
2334,5,1,0,0,1,0,0,1,0,0,1
2335,2,1,0,0,1,0,0,0,1,0,0
2336,1,0,0,0,0,0,1,1,1,1,0
2337,1,0,0,0,0,0,1,1,0,0,0
2338,7,0,0,0,1,0,0,1,0,0,0
2339,6,1,0,1,0,1,0,1,0,0,1
2340,2,1,0,0,0,0,0,1,1,0,0
2341,5,1,0,1,1,0,0,0,0,1,1
2342,4,0,1,0,0,1,0,0,0,1,0
2343,2,0,1,0,0,0,0,1,0,1,0
2344,7,1,0,0,0,0,0,0,1,0,0
2345,6,1,1,0,0,0,0,1,0,0,0
2346,3,1,0,0,0,1,0,1,1,0,0
2347,2,1,0,0,0,0,1,0,0,0,0
2348,7,0,0,0,1,0,1,1,0,0,1
2349,2,1,0,1,0,0,0,1,0,0,0
2350,4,1,0,0,1,1,0,0,1,1,1
2351,2,0,0,0,0,0,0,0,0,1,0
2352,4,0,1,1,1,1,0,0,0,1,1
2353,7,1,0,1,0,0,0,0,0,0,1
2354,2,0,0,1,1,0,0,1,0,1,0
2355,5,0,0,0,0,0,0,1,0,0,1
2356,7,0,1,1,1,0,0,0,0,1,1
2357,4,1,1,0,0,1,1,1,0,1,1
2358,3,0,0,0,0,0,0,1,0,1,0
2359,7,1,0,0,0,0,0,0,1,1,0
2360,5,1,0,0,0,0,1,0,0,1,1
2361,5,0,0,0,1,1,0,0,1,0,0
2362,4,1,0,0,0,0,0,0,0,1,1
2363,5,1,0,1,1,0,0,1,1,1,0
2364,2,1,0,0,0,0,0,1,1,1,0
2365,3,1,0,1,0,0,0,0,0,1,1
2366,6,0,0,0,0,0,1,1,0,1,1
2367,5,1,1,1,0,0,0,1,0,1,0
2368,4,1,1,0,1,0,1,1,1,0,1
2369,5,1,0,1,0,0,0,0,0,0,1
2370,6,0,1,1,0,0,0,1,1,0,1
2371,6,0,1,0,0,0,0,0,0,1,0
2372,2,1,0,1,1,1,0,1,1,0,1
2373,7,1,0,0,1,0,0,0,1,0,0
2374,1,1,0,1,0,0,1,0,0,0,1
2375,7,1,0,0,0,0,0,1,0,1,0
2376,1,1,0,0,0,0,0,0,1,0,1
2377,4,1,1,0,0,1,0,1,0,1,1
2378,3,1,0,1,0,0,0,1,1,0,0
2379,6,0,0,0,1,0,0,0,1,0,0
2380,3,1,0,0,0,0,0,0,1,1,1
2381,7,1,0,0,0,0,0,1,0,0,1
2382,2,0,0,0,0,0,1,1,1,1,0
2383,6,0,0,0,0,0,0,1,0,0,0
2384,4,1,1,0,0,0,0,0,1,0,0
2385,5,0,0,0,1,0,0,1,1,0,1
2386,2,0,0,1,0,0,1,1,1,1,0
2387,1,1,0,0,0,0,1,0,1,0,1
2388,6,1,0,1,1,0,0,1,1,1,1
2389,6,1,0,1,1,0,0,1,1,1,1
2390,3,1,0,0,0,0,1,0,0,1,0
2391,2,1,1,0,0,0,0,1,0,0,1
2392,7,0,0,1,0,0,0,0,0,1,0
2393,4,0,0,0,0,1,1,1,0,1,0
2394,7,1,0,1,0,0,0,1,0,1,0
2395,4,1,1,0,0,1,0,0,0,1,1
2396,1,1,0,0,0,0,0,0,0,1,1
2397,6,0,0,0,0,0,0,0,1,1,1
2398,7,0,1,0,0,0,0,0,0,1,0
2399,2,0,0,0,0,0,1,0,1,0,1
2400,6,1,0,1,1,1,0,1,0,0,0
2401,3,0,0,1,1,0,1,0,1,0,1
2402,3,1,1,1,0,0,0,0,0,1,0
2403,4,0,1,1,1,1,0,0,1,1,1
2404,3,0,0,0,0,0,0,0,0,1,0
2405,7,0,0,0,0,1,0,0,0,1,1
2406,2,1,1,0,0,1,0,1,0,0,1
2407,3,1,0,0,1,0,0,0,0,1,1
2408,1,1,0,1,0,1,0,0,0,1,0
2409,5,0,0,0,1,0,0,1,0,0,0
2410,6,0,1,0,0,0,0,1,1,1,0
2411,3,1,0,0,0,0,0,0,0,1,0
2412,7,0,0,0,1,0,1,1,0,0,0
2413,3,0,0,1,0,0,1,0,0,0,1
2414,2,1,0,0,0,0,1,0,1,1,1
2415,4,1,1,0,1,0,0,0,0,1,1
2416,2,0,0,1,1,0,1,1,1,1,1
2417,6,1,0,0,1,1,0,0,1,1,1
2418,3,1,0,1,1,0,0,0,0,1,0
2419,4,1,1,0,0,0,1,0,0,0,0
2420,4,0,1,0,1,1,0,0,0,1,0
2421,1,1,0,0,0,0,0,1,0,1,0
2422,3,1,0,0,1,1,0,0,0,1,1
2423,6,0,0,0,0,0,0,1,1,0,0
2424,3,1,0,1,0,1,1,0,1,0,0
2425,5,1,0,0,0,0,0,1,1,1,1
2426,7,0,0,0,0,0,1,0,1,1,1
2427,2,0,0,1,1,0,0,1,1,1,0
2428,4,1,0,1,0,1,0,1,0,1,1
2429,3,1,0,0,0,0,0,0,1,1,0
2430,2,1,0,0,0,0,1,1,1,0,0
2431,4,0,0,0,0,1,0,0,0,0,0
2432,5,0,0,0,0,0,0,1,0,0,0
2433,1,1,0,0,0,0,1,0,0,1,0
2434,4,0,1,0,0,1,1,0,0,1,1
2435,3,1,1,1,1,0,0,1,0,0,1
2436,6,0,1,1,0,0,0,0,1,0,0
2437,1,1,0,1,0,0,0,0,0,1,0
2438,6,1,0,0,1,0,0,0,0,1,1
2439,1,0,0,0,0,0,0,1,0,0,1
2440,2,1,1,0,0,1,0,1,0,0,0
2441,2,0,0,0,1,0,1,0,0,0,0
2442,4,1,0,0,1,0,1,0,0,1,1
2443,3,1,0,0,0,0,0,1,1,0,1
2444,6,0,0,0,1,0,0,0,1,1,0
2445,3,1,1,0,0,0,0,0,0,0,1
2446,2,1,1,0,0,0,1,0,1,0,1
2447,5,1,1,1,1,0,0,0,0,0,1
2448,1,0,0,0,1,0,1,0,1,1,1
2449,7,1,0,0,1,0,1,0,1,1,0
2450,1,1,0,0,0,0,0,1,0,0,1
2451,1,0,1,1,1,0,0,1,1,1,0
2452,2,0,0,0,1,0,0,0,0,0,1
2453,6,1,0,0,0,0,0,1,1,0,0
2454,4,1,1,0,0,1,0,1,1,0,0
2455,6,1,1,0,1,0,0,1,0,0,1
2456,7,1,0,1,0,0,0,1,0,1,1
2457,5,1,1,1,0,0,0,0,0,1,1
2458,3,1,0,1,0,0,1,0,1,1,0
2459,5,1,0,0,0,0,1,0,0,1,0
2460,7,0,0,0,0,0,0,0,0,0,0
2461,6,1,0,0,0,0,0,1,1,0,0
2462,1,0,0,0,0,0,0,0,0,0,1
2463,6,0,0,0,0,0,1,0,0,1,0
2464,4,1,1,0,0,1,0,0,0,1,0
2465,5,1,0,0,0,0,0,1,0,0,0
2466,5,0,0,0,1,0,1,1,0,1,0
2467,7,1,0,1,1,0,0,0,0,1,1
2468,3,1,0,0,0,0,0,1,0,0,1
2469,3,1,0,1,0,0,0,0,1,1,0
2470,6,0,0,1,0,1,0,0,0,0,0
2471,1,1,0,0,0,0,0,1,0,1,1
2472,2,0,0,0,1,1,0,1,0,0,0
2473,6,0,0,1,1,0,1,0,0,1,1
2474,6,1,0,0,0,0,1,0,1,0,0
2475,7,1,0,1,0,0,0,0,1,1,0
2476,7,1,0,0,0,0,1,0,1,1,1
2477,3,1,0,0,0,0,1,0,1,0,0
2478,1,1,0,0,0,0,1,0,0,1,1
2479,7,1,1,0,1,0,0,1,0,0,0
2480,5,0,0,1,1,0,1,0,1,0,1
2481,6,1,0,0,1,1,1,0,0,1,1
2482,4,1,1,1,0,0,0,1,1,1,1
2483,4,1,0,1,0,0,0,1,1,1,0
2484,2,1,0,0,1,0,0,1,0,0,1
2485,3,0,0,0,0,0,0,1,0,0,0
2486,7,0,1,1,1,0,0,1,0,1,1
2487,3,0,1,0,0,0,0,1,0,1,1
2488,5,1,0,0,0,0,1,0,1,0,0
2489,6,0,1,1,0,0,0,1,1,0,0
2490,4,0,1,1,0,1,1,0,1,1,1
2491,3,1,0,1,0,0,1,1,0,0,1
2492,7,1,0,0,1,1,0,0,1,1,0
2493,7,1,0,1,0,0,0,0,1,0,1
2494,7,0,0,1,0,0,0,0,0,0,0
2495,2,1,0,0,0,0,0,0,0,0,0
2496,6,0,0,0,0,0,1,0,0,0,0
2497,7,0,0,0,1,1,0,0,1,0,0
2498,1,1,0,1,0,0,1,0,1,1,0
2499,3,0,0,0,1,1,1,1,1,0,1
2500,5,1,0,0,0,0,0,0,0,1,1
2501,5,1,0,1,1,0,0,1,1,1,0
2502,5,1,0,1,1,0,0,0,0,0,0
2503,4,1,1,0,0,0,1,1,1,1,0
2504,5,0,0,0,1,0,0,1,1,1,0
2505,4,0,1,1,1,1,0,1,0,1,0
2506,7,1,0,0,0,0,1,1,0,1,1
2507,6,1,1,0,0,0,0,1,0,0,1
2508,7,0,0,0,0,0,0,1,1,1,0
2509,2,0,0,1,0,0,0,1,1,1,0
2510,4,0,1,0,0,1,1,0,0,0,1
2511,1,0,1,0,0,0,1,1,1,0,0
2512,2,1,0,0,0,0,1,0,1,1,1
2513,2,1,0,0,0,0,1,0,1,1,0
2514,1,0,0,1,0,0,0,1,1,0,0
2515,2,0,0,0,0,0,0,0,1,1,1
2516,1,1,0,1,0,0,0,0,1,1,1
2517,5,0,0,1,1,0,0,1,0,1,1
2518,5,0,1,1,0,0,1,1,0,1,0
2519,6,1,1,0,0,1,1,1,1,0,0
2520,1,1,0,0,0,1,1,0,1,1,0
2521,5,1,0,0,1,0,1,1,0,0,1
2522,5,0,0,0,0,0,0,0,0,1,1
2523,2,0,0,0,0,0,0,1,1,1,0
2524,1,1,0,0,0,0,0,0,0,1,0
2525,5,0,0,1,0,0,0,1,0,1,0
2526,1,0,1,0,0,0,1,0,0,0,1
2527,6,1,0,0,0,0,0,0,0,1,0
2528,5,1,0,0,0,0,1,1,1,1,1
2529,3,1,0,0,1,0,0,1,1,1,1
2530,1,0,1,0,0,0,0,1,0,0,0
2531,2,0,0,0,0,1,0,1,0,1,0
2532,7,0,0,0,1,0,0,0,0,1,1
2533,4,0,0,0,1,1,1,0,1,1,1
2534,4,0,1,0,1,0,0,0,0,0,0
2535,3,0,0,0,1,1,0,1,1,0,0
2536,1,1,0,0,0,0,0,1,1,0,1
2537,2,0,0,0,0,0,0,0,0,0,1
2538,5,1,0,0,0,0,1,1,0,0,1
2539,1,1,0,0,1,0,1,1,1,1,0
2540,3,1,0,1,0,0,0,1,0,0,0
2541,3,0,0,0,1,0,1,1,0,1,1
2542,5,0,0,0,0,0,0,1,0,0,0
2543,2,0,0,0,0,0,1,1,0,1,1
2544,7,1,0,0,0,0,0,1,1,1,0
2545,2,0,0,1,0,0,0,1,0,1,0
2546,1,1,1,0,1,0,1,1,1,1,0
2547,7,1,0,0,0,0,1,0,0,1,1
2548,1,1,0,0,0,0,1,0,0,1,0
2549,4,0,1,0,1,1,0,0,0,1,0
2550,6,1,0,1,0,0,0,1,1,0,0
2551,6,1,0,0,0,0,0,1,0,1,0
2552,4,1,0,1,0,0,0,0,1,0,1
2553,1,0,0,0,0,1,0,1,1,1,1
2554,5,1,0,0,0,0,0,1,0,0,1
2555,3,0,1,1,0,0,0,0,0,1,0
2556,4,1,1,1,0,1,0,0,1,1,0
2557,1,1,0,0,0,0,0,0,1,0,1
2558,2,1,0,0,0,1,0,0,0,0,1
2559,2,0,0,1,1,0,1,1,0,0,0
2560,5,0,0,0,0,0,1,1,1,1,1
2561,2,1,0,0,0,0,0,1,0,0,0
2562,5,1,0,0,0,0,1,1,1,0,1
2563,2,1,1,0,0,0,0,0,0,0,0
2564,3,1,0,0,0,1,0,0,0,0,1
2565,5,1,0,0,0,1,0,0,1,0,0
2566,6,1,0,0,0,0,1,1,0,0,1
2567,7,1,0,1,1,0,0,1,0,0,0
2568,7,1,0,0,0,1,1,1,1,1,1
2569,2,1,0,1,0,0,0,1,0,1,0
2570,4,0,1,1,0,0,0,1,0,1,1
2571,5,1,0,0,1,0,0,1,1,0,0
2572,3,1,0,0,0,0,1,1,0,1,1
2573,3,1,0,0,1,0,0,0,1,0,1
2574,5,0,0,0,0,0,0,0,0,1,1
2575,7,1,1,1,0,0,1,0,0,1,0
2576,2,1,0,1,0,0,1,0,1,1,1
2577,2,1,0,1,0,0,0,0,0,1,1
2578,2,1,0,1,0,0,1,0,0,0,1
2579,2,1,0,1,0,0,0,1,0,0,0
2580,4,0,1,0,0,0,0,0,1,1,1
2581,5,1,1,1,0,0,0,0,0,0,1
2582,4,1,1,0,0,1,0,1,1,0,0
2583,1,0,1,0,1,1,1,1,1,1,1
2584,3,1,0,0,0,0,0,0,0,0,0
2585,7,0,0,0,1,0,1,0,0,1,1
2586,1,0,0,0,0,0,1,0,1,1,1
2587,6,1,1,0,0,0,0,0,1,1,1
2588,6,1,0,1,0,0,1,1,1,1,0
2589,5,0,0,0,0,1,0,0,0,1,1
2590,3,1,0,0,1,0,0,0,1,0,0
2591,4,1,1,0,0,0,0,1,1,0,0
2592,3,1,0,0,0,1,0,0,1,1,1
2593,6,0,1,1,0,0,0,0,1,1,1
2594,5,1,0,0,0,0,0,0,1,1,1
2595,1,0,0,0,0,1,0,1,0,1,1
2596,6,1,0,0,0,0,1,1,1,0,1
2597,5,0,1,0,0,0,0,1,0,0,1
2598,4,1,1,0,0,1,0,1,0,0,0
2599,3,1,0,0,0,0,0,1,0,1,0
2600,6,1,0,0,1,0,0,0,1,0,0
2601,6,0,0,0,1,0,0,0,1,1,1
2602,6,0,0,0,0,1,0,0,1,1,1
2603,4,0,1,0,0,0,0,1,1,1,0
2604,7,1,0,0,0,0,0,0,0,0,0
2605,1,1,0,0,1,0,0,1,0,0,1
2606,7,1,0,0,1,1,0,0,0,1,0
2607,6,0,0,0,1,0,1,0,1,0,0
2608,4,0,0,0,0,1,0,0,0,0,0
2609,1,1,1,0,1,0,0,1,0,0,1
2610,1,0,0,0,0,0,0,0,1,1,0
2611,7,1,0,1,0,0,1,0,1,1,1
2612,3,1,0,0,0,0,1,1,1,1,1
2613,3,0,0,0,1,0,0,1,0,1,0
2614,5,0,0,0,1,0,0,0,0,0,1
2615,4,0,1,1,0,1,0,0,0,1,0
2616,6,1,0,1,0,0,0,0,1,1,0
2617,4,1,1,1,0,1,0,1,0,0,1
2618,5,1,1,0,0,0,0,1,1,0,0
2619,1,0,0,1,0,0,0,1,0,1,0
2620,7,0,0,0,0,0,0,1,1,0,0
2621,6,0,0,0,1,0,0,0,0,0,0
2622,6,1,0,0,1,0,0,1,0,1,0
2623,1,0,1,0,0,0,0,1,1,0,0
2624,1,0,1,1,1,0,0,1,1,1,1
2625,3,1,0,0,1,0,1,1,0,0,1
2626,3,1,0,0,0,0,0,1,0,0,1
2627,5,1,0,0,0,0,0,1,0,0,0
2628,2,1,0,0,1,0,1,0,1,1,1
2629,5,0,0,0,1,1,0,0,0,1,1
2630,1,0,0,1,0,1,0,1,1,0,0
2631,3,0,0,0,0,0,0,1,0,0,1
2632,5,1,0,0,0,0,0,1,0,1,1
2633,6,1,1,0,1,0,0,1,1,0,0
2634,3,0,0,0,1,0,0,0,1,0,0
2635,5,1,0,1,0,0,0,0,1,1,0
2636,4,0,1,1,0,1,0,1,0,1,1
2637,4,1,0,0,1,1,0,1,1,1,1
2638,5,0,0,0,1,0,1,0,0,0,0
2639,1,0,0,0,0,1,1,1,0,1,1
2640,3,1,0,0,0,0,0,1,1,0,0
2641,1,1,0,0,0,0,0,0,0,1,1
2642,5,1,0,1,1,0,1,1,1,1,1
2643,6,1,0,0,0,1,0,1,1,0,1
2644,5,0,0,1,0,1,0,0,0,1,1
2645,6,1,0,1,1,0,0,1,1,0,0
2646,6,0,0,1,1,0,0,0,0,0,1
2647,4,0,1,1,1,1,0,0,0,1,1
2648,3,0,1,0,0,0,1,0,1,1,0
2649,1,0,0,0,0,0,0,0,1,0,1
2650,3,1,0,0,1,0,0,0,0,1,0
2651,5,0,0,0,0,0,0,1,0,1,0
2652,6,1,1,0,0,1,1,1,0,1,0
2653,4,0,0,0,0,0,0,1,0,1,1
2654,5,0,1,0,0,0,0,0,1,1,0
2655,3,1,0,1,0,0,0,1,1,1,1
2656,2,0,0,0,1,0,0,0,1,1,1
2657,7,1,0,0,0,0,0,0,1,0,0
2658,1,0,0,0,0,0,0,1,1,0,0
2659,5,1,1,1,0,0,1,0,0,1,0
2660,3,1,1,0,0,0,0,1,1,0,0
2661,4,0,1,0,0,1,0,1,0,1,0
2662,7,0,0,0,0,0,0,0,0,0,1
2663,5,1,0,0,0,0,0,1,1,1,1
2664,6,1,0,1,0,0,0,0,1,1,0
2665,5,0,0,0,1,1,1,1,0,1,0
2666,5,0,0,1,1,0,0,0,1,0,1
2667,5,1,1,1,1,0,0,1,0,0,1
2668,7,0,0,0,0,1,0,1,0,0,0
2669,2,0,1,0,0,0,0,0,0,0,1
2670,6,1,0,0,0,0,0,0,1,0,1
2671,2,1,0,0,1,0,0,0,0,0,0
2672,3,1,0,1,0,1,1,0,0,0,1
2673,1,0,0,1,0,0,0,0,1,0,1
2674,5,1,0,0,1,0,0,1,0,0,1
2675,4,1,0,0,1,1,0,1,0,1,0
2676,4,1,0,0,0,0,0,1,1,0,1
2677,4,0,0,0,0,1,0,1,0,1,1
2678,4,1,0,1,0,0,0,1,0,0,1
2679,7,0,0,0,0,0,0,1,0,1,0
2680,1,1,0,1,1,0,0,0,0,1,1
2681,3,1,1,0,0,0,0,0,0,0,1
2682,3,1,0,0,0,0,0,0,0,1,1
2683,2,1,0,0,1,1,0,0,1,1,1
2684,3,0,1,1,0,0,1,0,1,1,1
2685,2,1,0,0,0,0,0,1,1,1,0
2686,6,0,1,0,0,0,0,0,0,1,1
2687,6,1,0,0,0,0,0,1,0,0,1
2688,6,0,1,0,0,0,1,1,0,0,0
2689,2,0,0,1,0,0,0,1,1,1,1
2690,6,1,0,1,0,0,0,1,0,1,1
2691,2,1,0,1,0,0,0,0,1,1,1
2692,1,0,0,0,0,0,0,0,1,0,0
2693,4,1,1,0,0,0,0,0,0,0,1
2694,5,1,0,0,0,1,0,1,0,0,0
2695,7,0,0,0,0,0,0,1,0,1,0
2696,1,1,0,1,1,1,0,0,0,1,1
2697,6,1,0,0,0,0,0,1,1,1,0
2698,4,1,1,0,0,1,0,0,0,0,1
2699,4,1,0,1,0,0,1,0,0,0,0
2700,4,0,1,0,0,0,0,1,0,0,0
2701,3,1,1,0,1,0,0,1,1,0,1
2702,1,1,0,0,1,0,1,1,0,0,0
2703,4,1,1,0,0,0,0,1,0,1,0
2704,4,1,0,0,0,1,0,0,1,0,0
2705,4,1,0,0,1,1,1,1,1,1,1
2706,6,0,0,1,0,0,0,1,0,0,0
2707,2,1,0,0,0,0,0,1,1,1,0
2708,7,1,0,1,0,0,0,0,1,0,1
2709,6,0,1,0,0,0,0,1,1,0,0
2710,3,1,0,1,0,1,0,0,1,0,1
2711,2,1,0,0,0,0,1,1,1,1,0
2712,6,0,0,0,0,0,0,1,1,0,1
2713,3,0,1,0,1,0,0,0,1,0,1
2714,2,1,0,0,0,0,0,1,1,1,0
2715,3,0,0,0,0,1,1,0,1,1,1
2716,4,1,1,1,0,0,1,1,0,0,1
2717,7,1,0,1,0,0,0,0,1,0,1
2718,4,1,0,0,0,1,0,1,0,1,1
2719,5,1,0,0,0,0,0,0,1,0,1
2720,4,1,0,1,0,1,0,1,0,1,0
2721,2,0,0,0,0,0,0,0,1,1,0
2722,6,1,1,0,1,0,0,0,0,1,1
2723,2,1,0,0,0,0,0,0,1,1,0
2724,7,1,1,0,0,1,0,0,0,1,1
2725,4,1,1,1,1,0,0,1,0,0,1
2726,7,1,0,0,0,1,0,1,1,1,1
2727,3,0,1,1,1,1,0,1,0,0,0
2728,2,0,0,1,0,0,0,1,0,0,1
2729,5,1,0,1,0,0,0,1,1,0,1
2730,5,1,1,0,0,0,0,1,0,1,0
2731,2,1,0,0,0,1,0,0,0,1,0
2732,2,0,1,1,0,1,0,0,0,1,0
2733,2,1,0,0,0,0,1,0,1,0,1
2734,2,0,0,0,0,1,0,1,0,0,1
2735,5,1,0,0,1,0,0,1,0,1,0
2736,6,1,0,0,0,0,0,0,0,0,0
2737,7,1,1,0,1,0,0,1,0,0,1
2738,7,0,0,1,0,0,0,0,1,1,0
2739,1,1,1,1,1,0,0,0,0,0,0
2740,6,1,0,0,0,0,1,1,0,1,0
2741,1,1,1,0,0,0,0,1,1,0,1
2742,2,1,1,0,1,0,1,0,0,1,1
2743,6,1,1,1,0,0,0,0,1,1,1
2744,4,0,0,1,1,0,0,0,0,0,0
2745,1,1,0,0,1,0,1,0,1,1,1
2746,1,1,0,1,0,0,0,0,0,0,0
2747,1,0,0,1,0,0,0,0,0,0,1
2748,4,1,0,0,0,1,1,1,1,0,1
2749,2,0,0,0,1,0,0,1,1,1,0
2750,3,1,0,0,1,0,0,0,1,0,0
2751,4,0,1,1,0,1,0,0,1,0,0
2752,2,1,0,0,0,0,0,0,0,1,0
2753,5,0,0,1,0,1,0,1,0,1,0
2754,1,0,0,0,0,0,0,0,1,0,1
2755,2,0,0,1,1,0,1,1,0,0,0
2756,1,1,0,0,0,0,1,1,0,1,1
2757,3,1,0,1,1,0,0,1,1,0,0
2758,4,1,0,1,1,0,0,1,0,0,0
2759,7,1,0,0,0,0,0,1,0,0,1
2760,2,1,0,0,0,0,0,0,0,0,1
2761,2,0,0,1,0,0,0,0,1,0,0
2762,2,0,0,0,0,1,1,0,0,0,1
2763,2,0,1,0,0,0,1,1,1,0,1
2764,6,1,0,0,0,0,0,0,1,0,0
2765,7,0,0,1,0,0,0,1,1,0,1
2766,1,0,1,0,0,0,0,1,0,1,0
2767,4,1,1,1,0,1,1,1,1,0,1
2768,7,1,0,0,0,0,0,1,0,0,0
2769,7,1,1,0,1,0,1,1,1,0,0
2770,2,1,0,0,0,0,1,0,0,0,1
2771,3,0,0,1,1,0,0,0,0,0,0
2772,3,1,0,0,1,0,0,1,0,1,0
2773,4,1,1,0,1,0,0,0,0,0,0
2774,1,1,0,0,0,0,0,1,1,0,1
2775,7,1,0,1,1,0,0,0,1,1,0
2776,5,0,0,0,0,0,0,1,1,0,1
2777,1,0,0,1,0,0,0,1,1,1,1
2778,6,1,0,0,0,0,0,0,1,1,0
2779,3,1,1,1,1,0,1,1,1,0,1
2780,1,0,0,1,0,0,0,0,1,1,1
2781,3,0,0,0,1,0,0,1,0,1,0
2782,6,1,1,0,0,0,0,0,0,1,0
2783,1,0,0,0,0,0,0,0,1,1,1
2784,6,1,0,1,0,0,1,1,0,1,0
2785,6,1,1,0,1,0,0,0,0,0,1
2786,2,1,0,0,1,0,0,1,0,1,0
2787,1,1,0,1,0,0,0,1,0,1,1
2788,5,0,0,1,0,0,0,1,1,0,0
2789,6,1,0,0,0,1,0,1,1,0,1
2790,4,1,1,1,0,1,0,0,0,0,1
2791,7,1,1,0,0,0,0,1,0,0,0
2792,1,0,0,0,0,0,0,1,0,0,0
2793,1,0,1,0,0,0,0,1,1,0,1
2794,2,1,0,0,0,1,0,0,1,0,1
2795,1,1,1,0,0,0,1,0,1,0,1
2796,3,0,0,0,0,0,0,0,1,0,0
2797,2,0,0,1,0,0,0,1,1,0,1
2798,4,0,1,0,0,1,1,1,0,1,0
2799,4,1,1,0,0,0,1,1,1,0,1
2800,1,0,0,0,1,0,0,0,0,1,1
2801,6,1,0,0,0,0,0,0,1,0,1
2802,4,1,0,1,0,1,1,1,1,1,1
2803,4,0,0,0,0,1,0,0,0,0,0
2804,5,1,1,0,0,0,0,0,1,0,0
2805,6,1,0,0,1,0,0,1,1,1,0
2806,5,1,0,0,1,1,0,0,0,1,0
2807,5,1,0,1,1,0,0,0,0,1,1
2808,6,0,0,0,1,0,0,0,0,0,0
2809,5,1,0,0,0,0,1,1,1,1,1
2810,4,0,0,0,0,1,0,1,0,0,1
2811,4,0,1,1,1,1,0,1,1,1,0
2812,7,1,0,0,0,0,0,0,1,1,1
2813,6,0,0,1,0,0,0,0,0,0,0
2814,3,0,0,0,0,0,1,0,0,1,1
2815,4,0,1,0,0,1,0,1,0,0,0
2816,1,1,1,0,0,1,0,0,0,1,1
2817,6,1,1,1,0,0,0,1,0,0,1
2818,1,1,1,0,0,0,0,1,1,0,1
2819,4,0,0,0,0,0,0,1,0,1,0
2820,5,1,0,1,0,0,0,0,1,1,1
2821,7,1,0,1,0,0,1,1,1,0,0
2822,5,0,1,0,0,0,1,0,1,1,0
2823,7,0,0,1,1,0,0,0,1,0,0
2824,1,0,0,0,0,0,0,1,1,0,0
2825,5,1,1,0,0,1,0,0,1,1,1
2826,4,0,1,0,1,1,1,1,0,1,1
2827,6,1,0,0,0,0,1,1,1,1,0
2828,6,1,1,0,0,0,1,0,1,0,0
2829,4,1,0,0,1,1,0,1,0,1,0
2830,4,0,0,0,0,0,0,0,0,0,0
2831,3,0,0,1,1,0,1,1,1,1,0
2832,3,1,0,0,0,0,0,1,0,1,0
2833,4,1,1,0,1,0,0,0,1,0,0
2834,6,0,0,0,1,0,1,0,1,1,1
2835,7,0,1,0,0,0,0,0,1,0,0
2836,4,0,1,0,0,0,0,0,0,0,1
2837,7,1,0,0,0,0,0,0,1,0,0
2838,5,1,0,0,0,0,0,1,1,0,1
2839,4,0,0,0,0,0,0,1,1,0,0
2840,7,1,0,0,0,0,0,0,1,0,1
2841,4,1,1,0,1,1,1,1,1,0,0
2842,1,1,0,1,0,0,0,1,1,0,0
2843,2,1,1,0,0,0,0,1,1,1,0
2844,4,1,1,0,1,1,0,0,0,1,0
2845,7,0,1,0,1,0,0,1,0,1,0
2846,4,1,1,0,0,0,1,0,1,1,1
2847,7,0,0,0,1,0,0,0,1,1,0
2848,4,1,1,0,0,0,0,1,0,0,1
2849,7,0,0,0,1,0,0,1,1,0,1
2850,6,1,0,0,1,0,0,0,0,0,1
2851,2,1,0,1,1,0,0,1,0,0,1
2852,5,1,0,0,1,0,0,0,0,0,1
2853,2,0,1,1,1,1,0,0,1,0,1
2854,7,1,0,0,0,1,0,0,0,1,0
2855,5,1,0,0,0,0,1,0,0,1,1
2856,4,1,1,1,0,1,0,0,0,0,0
2857,1,1,0,0,0,0,0,0,1,1,0
2858,2,1,0,1,1,0,0,0,0,0,0
2859,1,1,0,0,0,0,0,1,1,0,0
2860,1,1,0,0,0,0,0,0,1,0,0
2861,2,0,0,1,0,0,0,0,1,0,1
2862,2,1,0,0,1,0,0,1,0,1,0
2863,4,0,1,1,0,1,0,1,0,1,0
2864,7,1,0,0,0,1,1,0,0,0,1
2865,6,1,0,0,1,0,0,0,0,0,0
2866,3,0,0,0,0,0,0,1,0,0,1
2867,4,1,0,0,1,0,0,0,1,0,1
2868,7,0,0,0,0,1,0,1,0,0,0
2869,5,0,0,0,0,1,1,0,1,0,0
2870,7,1,0,1,0,0,0,0,0,0,1
2871,6,0,0,0,1,0,1,0,1,1,0
2872,7,1,0,0,1,0,1,0,1,1,1
2873,2,0,0,0,0,0,0,0,1,1,1
2874,7,1,0,1,0,1,0,0,1,1,0
2875,7,0,0,0,0,0,0,1,0,1,0
2876,2,0,0,0,1,1,0,1,1,0,0
2877,4,1,0,0,1,1,0,0,1,1,0
2878,4,1,0,1,0,1,0,0,1,1,1
2879,5,1,1,0,1,1,0,1,1,1,0
2880,5,1,1,0,0,1,0,1,0,0,1
2881,3,1,0,0,0,0,1,0,0,0,1
2882,4,0,0,1,1,1,0,1,1,1,1
2883,1,1,0,0,1,0,0,1,0,0,1
2884,2,1,0,0,0,0,0,0,0,0,0
2885,3,1,0,0,0,0,0,1,0,1,0
2886,6,1,1,1,0,0,0,0,1,0,1
2887,4,1,1,1,1,1,0,1,0,0,1
2888,3,1,0,0,0,0,0,1,1,0,1
2889,5,0,1,0,0,0,0,0,1,0,1
2890,2,0,1,1,0,0,0,0,0,1,1
2891,2,1,0,0,0,0,0,0,1,0,0
2892,4,0,0,0,0,1,0,1,1,1,1
2893,3,1,0,1,0,0,0,0,1,0,1
2894,7,0,0,0,0,0,0,0,1,1,1
2895,3,0,0,0,0,1,0,1,1,1,1
2896,5,1,0,1,0,0,0,1,1,0,0
2897,6,0,0,0,0,0,0,1,1,0,1
2898,5,1,1,0,0,0,0,0,0,0,1
2899,7,1,1,1,0,0,1,0,1,1,0
2900,3,1,0,1,0,0,0,0,0,0,0
2901,2,1,0,0,0,1,0,1,0,0,0
2902,5,1,0,1,0,0,0,0,0,0,1
2903,4,1,1,1,1,0,1,1,1,1,1
2904,5,0,1,1,0,0,0,0,1,0,1
2905,4,1,0,0,0,0,0,1,0,0,0
2906,4,1,1,0,1,1,0,1,1,0,0
2907,7,0,0,0,0,0,0,0,0,1,1
2908,5,0,0,0,0,0,0,1,0,1,0
2909,3,1,0,0,0,1,1,1,1,1,0
2910,5,0,0,0,0,0,0,1,0,0,0
2911,3,1,1,0,0,0,0,0,1,0,1
2912,1,1,0,0,0,0,0,0,1,1,0
2913,7,1,0,0,0,0,0,1,0,0,0
2914,5,0,0,0,1,0,0,1,1,1,1
2915,7,1,0,0,0,1,0,1,1,1,1
2916,1,0,1,0,0,0,0,0,0,0,1
2917,6,1,0,0,0,0,0,0,0,1,1
2918,3,1,1,1,0,0,0,0,0,1,0
2919,7,1,0,0,1,0,0,0,0,0,0
2920,5,0,0,1,0,0,0,1,1,1,1
2921,3,1,1,0,0,0,0,1,1,1,0
2922,1,0,0,0,0,0,0,0,1,0,0
2923,6,0,0,0,1,0,0,1,1,0,1
2924,6,1,0,1,0,0,0,0,1,1,0
2925,6,1,0,1,0,0,0,1,1,1,1
2926,1,1,0,1,0,0,0,1,0,0,0
2927,7,1,0,0,1,0,0,1,0,1,1
2928,1,1,0,0,1,0,0,0,0,0,0
